title,author,ISBN,ISBN13,rating,avg_rating,publisher,binding,number_pages,year_published,original_publication_year,date_read,date_added,bookshelves,bookshleves_with_position,exclusive_shelf,my_review,open_library_url_info_ISBN,open_library_url_info_ISBN13,notes,recommendation_from
Ce genre de petites choses,Claire Keeegan,,,3.0,,,,117,,,2026/01/31,,,,read,,,,,
Le prince des marais,Pat Conroy,,,5.0,,,,1071,,,2026/01/29,2025/11/13,,,read,,,,,@booksaresick https://www.instagram.com/p/DQZvWrykWlJ/ - https://www.instagram.com/p/DQUcDIdken0/
Eliete la vie normale,Dulce Maria Cardoso,,,3.0,,,,342,,,2026/01/17,2025/10/21,,,read,,,,,https://www.instagram.com/p/DNLA0PztVZ0/ - Mariana Mortaga
Butcher's crossing,John Williams.,,,3.0,,,,296,,,2026/01/10,2025/11/13,,,read,,,/category/book/notes/Butchers-crossing,,La lecture de Stoner - https://www.instagram.com/p/DRDDNiBAb0D/ - @booksaresick
Sur l'île,Elizabeth O'connor,,,4.0,,,,218,,,2026/01/03,2025/11/13,,,read,,,/category/book/notes/Sur-lile,,@booksaresick https://www.instagram.com/p/DPjdW18kZ-h/
A l'est d'eden,John Steinbeck.,,,5.0,,,,694,,,2025/12/28,2025/11/13,,,read,,,/category/book/notes/A-lest-deden,,@headyreads / https://www.instagram.com/p/DPwmMpQATOc/ - https://www.instagram.com/p/DMVxbh2P50G/s
L'ourse qui danse,Simonetta Greggio - Clara Debray (Illustrations).,,,4.0,,,,120,,,2025/12/10,2025/11/13,,,read,,,/category/book/notes/Lourse-qui-danse,,@headyreads / https://www.instagram.com/p/DPwmMpQATOc/ - https://www.instagram.com/p/DMVxbh2P50G/s
Jeu blanc,Richard Wagamese,,,4.0,,,,253,,,2025/12/08,2025/08/04,,,read,,,/category/book/notes/Jeu-blanc,,à la suite de Les étoites s'éteignent à l'aube
L'usage du monde,Nicolas Bouvier,,,4.0,,,,377,,,2025/12/06,2025/08/19,,,read,,,/category/book/notes/Lusage-du-monde,,https://www.instagram.com/reel/DLc01wqvz1W/ - Chronique France Inter de François Morel
La dame aux abeilles,Sue Hubbell,,,4.0,,,,290,,,2025/11/23,2025/06/03,,,read,,,/category/book/notes/La-dame-aux-abeilles,,A la suite de la lecture de Une année à la campagne
Yellowface,R.F. Kuang,,,3.0,,,,347,,,2025/11/15,2025/08/04,,,read,,,/category/book/notes/Yellowface,,youtube Margorito - https://www.youtube.com/watch?v=syL07zjERrk&t=487s
La porte,Magda Szabo,,,3.0,,,,277,,,2025/11/06,2025/02/20,,,read,,,/category/book/notes/La-porte,,Toute une moitié du monde - Alice Zeniter p.195 et La.nuit.sera.mots https://www.tiktok.com/@lecafedeslettres/video/7234170765892095258
Un homme,Philip Roth,,,3.0,,,,153,2006,,2025/10/25,2025/02/25,,,read,,,/category/book/notes/Un-homme,,@lecafedeslettres @david.foenkinos - https://www.instagram.com/p/DGIuamdNbUb/
Ballade pour Sophie,Filipe Melo / Juan Cavia,,,4.0,,,,,2024,,2025/10/20,,,,read,,,/category/book/notes/Ballade-pour-sophie,,
James,Percival Everett,,,4.0,,,,285,2024,,2025/10/20,,,,read,,,/category/book/notes/James,,book club - https://www.radiofrance.fr/franceculture/podcasts/le-book-club/le-point-de-vue-de-l-esclave-rencontre-avec-percival-everett-1547870
Les étoiles s'éteignent à l'aube,Richard Wagamese,,,5.0,,,,373,2014,,2025/10/14,2025/08/04,,,read,,,/category/book/notes/Les-etoiles-seteignent-a-laube,,youtube Margorito - https://youtu.be/syL07zjERrk?feature=shared&t=802
Le banquier anarchiste,Fernando Pessoa,,,3.0,,,,117,1922,,2025/10/10,2025/09/19,,,read,,,https://www.monvoisin.xyz/conseil-de-materiel-lectures-et-autres-mai-2025/,,Richard Monvoisin
Normal people,Sally Rooney,,,5.0,,,,285,2018,,2025/10/08,2025/08/19,,,read,,,/category/book/notes/Normal-people,,@booksaresick - https://www.instagram.com/p/DLYEbdeSYjD/
Humus,Gaspard Koenig,,,4.0,,,,509,2023,,2025/10/03,2025/08/19,,,read,,,/category/book/notes/Humus,,https://www.tiktok.com/@atrapenard/video/7282725664292146464 - La grande librairie - Augustin Trapenard
Faites-les lire !,Michel Desmurget,,,5.0,,,,443,2023,,2025/09/26,2025/08/18,,,read,,,https://www.youtube.com/watch?v=Ugzm5wCLt-U,,youtube - scripta manent
La ferme des animaux,George Orwell,,,5.0,,,,,1945,,2025/08/29,,,,read,,,/category/book/notes/La-ferme-des-animaux,,https://www.instagram.com/p/DGT59FltLHS/
Un océan d'amour,Wilfrid Lupano,,,5.0,,Delcourt,Hardcover,224,2014,,2025/08/12,2019/01/02,,,read,,,/category/book/notes/Un-ocean-damour,,Lu à la ptite forêt dans le hamac avec Eli <3
Résister,Salomé Saqué,,,5.0,,,,114s,2025,,2025/08/12,2025/02/05,,,read,,,/category/book/notes/Resister,,Un peu partout mais podcast Totemic avec Swann Arlaud
Sula,Toni Morrison,,,3.0,,,,189,1973,,2025/08/12,,,,read,,,/category/book/notes/Sula,,https://youtu.be/0wIWQsyLAAI?feature=shared&t=38 - @booksaresick
Stoner,John Williams,,,5.0,,,,378,1965,,2025/07/27,,,,read,,,https://youtu.be/uyZ0D56XeHc?feature=shared&t=96,,@booksaresick
Les dépossédés,Ursula K. Le Guin,,,3.0,,,,446,1974,,2025/07/19,2025/03/10,,,read,,,https://www.youtube.com/watch?v=p19MHXgQllo,,@altharic
Désirer comme un homme,Florian Vörös,,,3.0,,,,153,,,2025/06/17,2025/03/13,,,read,,,https://youtu.be/QNTAt3Cu69U?t=540,,Gregoire Simpson
Une année à la campagne,Sue Hubbell,,,5.0,,,,260,1986,,2025/06/02,2025/02/20,,,read,,,,,Toute une moitié du monde - Alice Zeniter p.204
Histoire de Tonle,Mario Rigoni Stern,,,4.0,,,,128,1988,,2025/05/29,2025/01/24,,,read,,,,,La.nuit.sera.mots insta
One Piece vol 1. 2. 3. [PT],Eiichiro Oda,,,4.0,,,,,1997,,2025/05/22,,,,read,,,https://editoradevir.pt/livros/manga/one-piece/,,
Dementia 21,Shintaro Kago,,,2.0,,,,,2024,,2025/05/15,2025/01/09,,,read,,,https://www.editionshuber.com/products/dementia-21-par-shintaro-kago,,Kink #20 reco Camille Diao
Une bibliothèque idéale,Herman Hesse,,,3.0,,,,135,1907-1945,,2025/04/16,2025/01/24,,,read,,,/category/book/notes/Une-bibliotheque-ideale,,La.nuit.sera.mots insta
Le rap a gagné,Mehdi Maïzi,,,3.0,,,,189,2025,,2025/04/13,2025/03/13,,,read,,,/category/book/notes/Le-rap-a-gagne,,https://www.radiofrance.fr/franceculture/podcasts/le-book-club/le-rap-un-etat-des-lieux-avec-mehdi-maizi-et-nicolas-roges-7692822
Flash ou le grand voyage,Charles Duchaussois,,,5.0,,,,478,1971,,2025/04/08,2025/02/03,,,read,,,/category/book/notes/Flash,,La.nuit.sera.mots insta - https://youtu.be/MgHhNv_mO5g?t=596
Sous le règne de Bone,Russell Banks,,,5.0,,,,438,1995,,2025/03/30,,,,read,,,/category/book/notes/Sous-le-regne-de-Bone,,Craquotte via Paupiette
Des fleurs pour Algernon,Daniel Keyes,,,5.0,,,,543,1959,,2025/03/19,2025/02/04,,,read,,,https://youtu.be/MgHhNv_mO5g?t=596,,La.nuit.sera.mots insta
Martin Eden,Jack London,,,4.0,,,,447,1909,,2025/03/08,2024/01/01,,,read,,,https://youtu.be/F7Lp1frmmuk?t=71,,Jeannot se livre / Youtube
Au-dedans,Will McPhail,,,5.0,,,,,,,2025/03/05,2025/01/24,,,read,,,,,cadeau Noel 2024 Joey/Lucas
Le loup des steppes,Herman Hesse,,,4.0,,,,312,1927,,2025/03/03,2025/01/24,,,read,,,,,Nepal?
Toute une moitié du monde,Alice Zeniter,,,4.0,,,,231,,,2025/02/19,2025/02/04,,,read,,,https://www.tiktok.com/@la.nuit.sera.mots/video/7401135375382596897,,La.nuit.sera.mots insta
King Kong Théorie,Virginie Despentes,2253122114,9782253122111.0,4.0,4.02,Livre de Poche,Paperback,155,2007.0,2006.0,2025/01/30,2019/05/08,to-read,to-read (#100),read,,https://openlibrary.org/books/OL26126521M/King_Kong_Theorie_Ldp_Litterature,https://openlibrary.org/books/OL26126521M/King_Kong_Theorie_Ldp_Litterature,,rayon fnac
Elliott Smith Can’t Make A Sound,Thierry Jourdain,,9782360548729.0,3.0,3.0, LE MOT ET LE RESTE ,Paperback,176,2018.0,,2025/01/30,2019/02/10,to-read,to-read (#90),read,,,,,
Antonia,Gabriella Zalapì,,,3.0,,,,100,,,2025/01/28,2025/01/03,,,read,,,,,Craquotte
Chien 51,Laurent Gaudé,,,4.0,,,,288,,,2025/01/25,2025/01/02,,,https://www.actes-sud.fr/catalogue/litterature/chien-51,,La.nuit.sera.mots insta
Le mage du Kremlin,Giuliano da Empoli,,,5.0,,,,316,,,2025/01/19,2025/01/08,,,read,,,https://www.folio-lesite.fr/catalogue/le-mage-du-kremlin/9782073003911,,
O pugilista,Giuliano da Empoli,,,4.0,,,,,,,2025/01/12,2024/01/08,,,read,,,https://www.bertrand.pt/livro/o-pugilista-reinhard-kleist/17037758,,achat bibliothèque Lisbonne
Ascension Tome 1,Shin'chi Sakamoto,,,3.0,,,,,,,2025/01/09,2024/05/29,,,read,,,https://www.editions-delcourt.fr/mangas/series/serie-ascension/album-ascension-t01,,La.nuit.sera.mots insta
Les ingénieurs du chaos,Giuliano da Empoli,,,5.0,,,,215,,,2025/01/08,2025/01/08,,,read,,,https://www.folio-lesite.fr/catalogue/les-ingenieurs-du-chaos/9782073019240,,cadeau de Michèle
Sois jeune et tais toi,Salomé Saqué,,,5.0,,,,327,2022,,2025/01/07,2025/01/07,,,read,,,/category/book/notes/Sois-jeune-et-tais-toi,,Par hasard à la fnac
Mon utopie,Albert Jacquard,,,4.0,,,,,,,2024/04/22,2024/04/22,,,read,,,https://shows.acast.com/le-book-club/episodes/guillaume-meurice,,Guillaume Meurice - Le book club
Lady L,Romain Gary,,,4.0,,,,,,,2024/03/22,2024/03/22,,,read,,,https://en.wikipedia.org/wiki/Lady_L.,,A voix nue / son livre préféré
La 25e heure,,,,3.0,,,,,,,2024/01/17,2024/01/17,,,read,,,https://www.25hbook.com,,Linkedin / Thomas Tirtiaux
Le goût du vrai,Etienne Klein,,,4.0,,,,,,,2023/06/02,2021/05/18,,,read,,,https://www.babelio.com/livres/Klein-Le-gout-du-vrai/1243437,,
La dernière reine,Rochette,,,5.0,,,,,,,2022/12/02,2022/12/02,,,read,,,https://www.radiofrance.fr/franceinter/bande-dessinee-deux-excellentes-raisons-de-lire-la-derniere-reine-de-jean-marc-rochette-9761235,,
Thelonious,Brival / Liance,,,3.0,,,,,,,2022/02/02,2022/02/02,,,read,,,https://www.leslibraires.fr/livre/14538652-thelonious-roland-brival-gallimard,,
Passion simple,Annie Ernaux,,,3.0,,,,,,,2022/01/30,2022/01/30,,,read,,,https://www.leslibraires.fr/livre/116179-passion-simple-annie-ernaux-gallimard,,
Peau d'homme,Hubert / Zanzim,,,4.0,,,,,,,2022/01/25,2022/01/25,,,read,,,https://www.placedeslibraires.fr/livre/9782344010648-peau-d-homme-hubert-zanzim/,,
Ama ; le souffle des femmes,Manguin / Beck,,,3.0,,,,,,,2022/01/19,2022/01/19,,,read,,,https://www.placedeslibraires.fr/livre/9782377314034-ama-le-souffle-des-femmes-franck-manguin-cecile-becq/,,
La place,Annie Ernaux,,,4.0,,,,,,,2022/01/17,2022/01/17,,,read,,,https://www.leslibraires.fr/musique/16746818-la-place-annie-ernaux-gallimard-electa,,
Quartiers Lointains,Jirô Taniguchi,,,4.0,,,,,,,2022/01/13,2022/01/13,,,read,,,https://www.placedeslibraires.fr/livre/9782203396449-quartier-lointain-integrale-jiro-taniguchi/,,
Détox 1&2,Jim & Antonin Gallo,,,3.0,,,,,,,2021/12/29,2021/12/29,,,read,,,https://www.placedeslibraires.fr/livre/9782818966761-detox-t-1-jim-antonin-gallo/,,
Eldorado,Laurent Gaudé,,,4.0,,,,,,,2021/12/20,2021/12/20,,,read,,,https://www.placedeslibraires.fr/ebook/9782330023157-eldorado-laurent-gaude/,,
Quelqu'un à qui parler,Grégory Panaccione,,,4.0,,,,,,,2021/12/14,2021/12/14,,,read,,,https://www.placedeslibraires.fr/livre/9782808202404-quelqu-un-a-qui-parler-gregory-panaccione/,,
Ar-Men - L'Enfer Des Enfers,Emmanuel Lepage,,,3.0,,,,,,,2021/12/04,2021/12/04,,,read,,,https://www.librairiesindependantes.com/product/9782754823364/,,
Pereira pretend,Gomont,,,5.0,,,,,,,2021/11/27,2021/11/27,,,read,,,https://www.babelio.com/livres/Gomont-Pereira-pretend-BD/877417,,
Désintégration,Emmanuelle Richard,,,4.0,,,,,,,2021/09/29,2020/09/24,,,read,,,https://www.leslibraires.ca/livres/desintegration-emmanuelle-richard-9782757875643.html,,
La derniere rose,Lucas Harari,,,3.0,,,,,,,2021/07/29,2020/10/13,,,read,,,https://editions-sarbacane.com/bd/la-derniere-rose-de-l-ete,,
Le choix du chômage,Benoît Collombat / Damien Cuvillier,,,5.0,,,,,,,2021/05/11,2020/11/21,,,read,,,https://www.leslibraires.ca/livres/le-choix-du-chomage-de-pompidou-benoit-collombat-9782754825450.html,,
Hunt Gather Parent,Michaeleen Doucleff,,,5.0,,,,,,,2021/06/23,2021/01/25,,,read,,,/category/book/notes/Hunt-Gather-Parent,,
Libérons-nous !,Abdenour Bidar,,,3.0,,,,,,,2021/05/04,2021/01/21,,,read,,,https://www.placedeslibraires.fr/livre/9791020906144-liberons-nous-des-chaines-du-travail-et-de-la-consommation-bidar-abdennour/,,
Sur un air de fado,Barral,,,4.0,,,,,,,2021/04/23,2020/09/24,,,read,,,,,
Sapiens,Yuval Noah Harari,,,4.0,,,,,,,2021/03/08,2020/09/24,,,read,,,https://www.franceinter.fr/culture/bd-sapiens-la-naissance-de-l-humanite-de-yuval-noah-harari-david-vandermeulen-et-daniel-casanave,,
Dans la forêt,Jean Hegland,,,5.0,,,,,,,2020/11/21,2020/09/24,,,read,,,https://www.babelio.com/livres/Hegland-Dans-la-foret/888010,,
Les lettres d'A l'est d'Eden,John Steinbeck,,,,,,,,,,,2025/12/29,,,to-read,,,,,suite à la lecture du roman - https://www.radiofrance.fr/franceculture/podcasts/l-invite-e-des-matins-d-ete/entre-les-lignes-d-a-l-est-d-eden-lettres-de-steinbeck-a-son-editeur-4440799
Jesus'son,Denis Johnson,,,,,,,,,,,2025/11/13,,,to-read,,,,,@chrisreadsbook_ https://www.instagram.com/p/DPEw5f9EeYn/
Le cul de Judas,Antonio Lobo Antunes,,,,,,,,,,,2025/11/13,,,to-read,,,,,https://www.instagram.com/p/DPblnu3kUfi/?img_index=2 - @alifeonbooks https://www.instagram.com/p/DQCJysADnle/
L'arbre monde,Richard Powers,,,,,,,,,,,2025/11/13,,,to-read,,,,,@williampdozier https://www.instagram.com/p/DQKyoDICfCm/ - https://www.instagram.com/p/DPwmMpQATOc/
22-11-63,Stephen King,,,,,,,,,,,2025/11/13,,,to-read,,,,,@booksaresick - https://www.instagram.com/p/DQZvWrykWlJ/ - https://www.instagram.com/p/DPwmMpQATOc/
Les fureurs invisibles du coeur,John Boyne.,,,,,,,,,,,2025/11/13,,,to-read,,,,,@lukebateman_ - https://www.instagram.com/p/DO-dyWwj_WW/
Nocturne du Chili,Roberto Bolano.,,,,,,,,,,,2025/11/13,,,to-read,,,,,@williampdozier - https://www.instagram.com/p/DQJ4q0vjgch/
The Chronicles of DOOM,S.H. Fernando Jr.,,,,,,,,,,,2025/11/13,,,to-read,,,https://www.amazon.com/Chronicles-DOOM-Unraveling-Masked-Iconoclast/dp/166260324X,,@booksaresick
Le cul de judas,Antonio Lobo Antunes,,,,,,,,,,,2025/10/21,,,to-read,,,,,@alifeonbooks recommandation on Portugal
Catch 22,Joseph Heller,,,,,,,,,,,2025/10/21,,,to-read,,,,,@alifeonbooks favorite book
Fahrenheit 451,Ray Bradbury,,,,,,,,,,,2025/10/20,,,to-read,,,,,Beaucoup cité dans Faites-les lire - livre interdit
Crossing to safety,Wallace Stegner,,,,,,,,,,,2025/10/07,,,to-read,,,https://www.instagram.com/reel/DPUZotLgERK/?utm_source=ig_web_copy_link,,welldonebooks - if you like Stoner then you'll like...
Le printemps s'amuse,Vladimir Tendriakov,,,,,,,,,,,2025/10/06,,,to-read,,,https://youtu.be/II3ZuLJfIZ0?si=v-vl7WEFojDmzrBT&t=468,,La nuit sera mots
Le double,Naomi Klein,,,,,,,,,,,2025/09/22,,,to-read,,,https://www.instagram.com/p/DEM3OuQstKi/?img_index=1,,Victoire Tuaillon
Sale temps pour les braves,Don Carpenter,,,,,,,,,,,2025/09/09,,,to-read,,,https://www.instagram.com/p/DOYddK7jmcK/?utm_source=ig_web_copy_link,,@alifeonbooks
Après le monde,Antoinette Rychner,,,,,,,,,,,2025/09/06,,,to-read,,,,,Podcast Renverser la table - Pourquoi j'ai préparé un sac d'urgence
Mémoires sauvées de l'eau,Nina Leger,,,,,,,,,,,2025/09/03,,,to-read,,,,,Podcast Renverser la table avec Alice Zeniter
Pereira pretend, Antonio Tabucchi,,,,,,,,,,,2025/08/27,,,to-read,,,https://www.leboncoin.fr/ad/livres/2869724327,,https://www.youtube.com/watch?v=Kf4bAqJZUnk
Mets-toi ça dans la tête,,,,,,,,,,,,2025/08/18,,,to-read,,,https://www.youtube.com/watch?v=IBv4TS1EICw,,youtube - scripta manent
Propos sur le bonheur,Alain,,,,,,,,1963,,,2025/08/18,,,to-read,,,https://www.youtube.com/watch?v=UmyXowXrq0Y,,youtube - scripta manent
Vernon Subutex,Virginie Despentes,,,,,,,,,,,2025/08/11,,,to-read,,,https://www.youtube.com/watch?v=C9VMxl-C0OY,,La grande librairie
La jungle,Upton Sinclair,,,,,,,,,,,2025/08/04,,,to-read,,,https://youtu.be/syL07zjERrk?feature=shared&t=293,,youtube Margorito
Votre santé optimisée,Steinbach Emilie,,,,,,,,,,,2025/04/24,,,to-read,,,,,Jess me l'avait fait découvrir via un podcast sur le sujet du TDAH
Apprendre à voir,Estelle Zong Mengual,,,,,,,,,,,2025/03/28,,,to-read,,,,,Maxou
Ci-gît l'amer,Cynthia Fleury ,,,,,,,,,,,2025/03/28,,,to-read,,,,,Maxou
Leurs enfants après eux,Nicolas Mathieu,,,,,,,,,,,2025/03/28,,,to-read,,,,,Maxou
Regarde ta jeunesse dans les yeux,Vincent Piolet,,,,,,,,,,,2025/03/13,,,to-read,,,https://lemot-2boajzb46a-ew.a.run.app/musiques/regardetajeunessedanslesyeuxnouvelleedition/,,https://www.radiofrance.fr/franceculture/podcasts/le-book-club/le-rap-un-etat-des-lieux-avec-mehdi-maizi-et-nicolas-roges-7692822
L'enfance de l'ordre,Wilfried Lignier / Julie Pagis,,,,,,,,,,,2025/03/13,,,to-read,,,https://youtu.be/QNTAt3Cu69U?t=602,,Gregoire Simpson
Les nouvelles lois de l'amour,Marie Bergström,,,,,,,,,,,2025/03/13,,,to-read,,,https://youtu.be/QNTAt3Cu69U?t=375,,Gregoire Simpson
Plasmas,Céline Minard,,,,,,,,,,,2025/02/20,,,to-read,,,,,Toute une moitié du monde - Alice Zeniter p.204
L'autre moitié du soleil,Chimamanda Ngozi Adichie,,,,,,,,,,,2025/02/20,,,to-read,,,,,Toute une moitié du monde - Alice Zeniter p.177
Où va l'argent des pauvres,Denis Colombi,,,,,,,,,,,2025/02/20,,,to-read,,,,,Toute une moitié du monde - Alice Zeniter p.171
Vivre avec nos morts,Delphine Hoorvilleur,,,,,,,,,,,2025/04/16,,,to-read,,,,,https://www.instagram.com/p/DIe7OEwCecy/ - JulescommeCésar
Au bonheur des morts,Vinciane Despret,,,,,,,,,,,2025/02/20,,,to-read,,,,,Toute une moitié du monde - Alice Zeniter p.162
Les frères Karamazov,Dostoïesvski,,,,,,,,,,,2025/02/20,,,to-read,,,,,Toute une moitié du monde - Alice Zeniter p.113
Mais leurs yeux dardaient sur Dieu,Zora Neale Hurston,,,,,,,,,,,2025/02/20,,,to-read,,,,,Toute une moitié du monde - Alice Zeniter p.34
Technopolitique,Asma Mhalla,,,,,,,,,,,2025/02/05,,,to-read,,,https://www.instagram.com/p/DCJ7JybPOi2/,,https://www.instagram.com/p/DCJ7JybPOi2/ @JulescommeCésar
Le livre de ma mère,Albert Cohen,,,,,,,,,,,2025/02/05,,,to-read,,,https://www.instagram.com/p/DFtYZ65SC8a/,,https://www.instagram.com/p/DFtYZ65SC8a/
Le tems d'après,Jean Hegland,,,,,,,,,,,2025/02/05,,,to-read,,,https://www.senscritique.com/livre/le_temps_dapres/105572528,,sens critique https://www.senscritique.com/livres/actualite
Le choix de Sophie,William Styron,,,,,,,,,,,2025/02/04,,,to-read,,,https://www.tiktok.com/@la.nuit.sera.mots/video/7388923690949283105 / https://fr.wikipedia.org/wiki/Les_cent_livres_du_si%C3%A8cle,,La.nuit.sera.mots insta
Développement personnel,Olivier Bourdeaut,,,,,,,,,,,2025/02/04,,,to-read,,,https://www.tiktok.com/@la.nuit.sera.mots/video/7388923690949283105,,La.nuit.sera.mots insta
L'aveuglement,José Saramago,,,,,,,,,,,2025/01/28,,,to-read,,,https://youtu.be/N7DCnVmmN4M?t=754 / https://youtu.be/9UNHQX5WAkg?t=518,,La.nuit.sera.mots insta et @altharic
Le labyrinthe des égarés,Amin Maalouf,,,,,,,,,,,2025/01/20,,,to-read,,,,,La.nuit.sera.mots insta
Un homme qui dort,Georges Perec,,,,,,,,,,,2025/01/17,,,to-read,,,,,chris.laquieze instagram
Pour une écologie de l'attention,Yves Citton,,,,,,,,,,,2025/01/10,,,to-read,,,,,Alain Damasio - interview Konbini - https://www.youtube.com/watch?v=KzpPsaF7X7Y
Manière d'être vivant,Baptiste Morizot,,,,,,,,,,,2025/01/10,,,to-read,,,,,Alain Damasio - interview Konbini - https://www.youtube.com/watch?v=KzpPsaF7X7Y
Carbone et Silicium,Mathieu Bablet,,,,,,,,,,,2025/01/10,,,to-read,,,https://www.bdfugue.com/carbone-silicium,,Alain Damasio - interview Konbini - https://www.youtube.com/watch?v=KzpPsaF7X7Y
Amérique,Baudrillard,,,,,,,,1986,,,2025/01/10,,,to-read,,,,,Alain Damasio - interview Quotidien - https://www.youtube.com/watch?v=ofs-9_yzcvY
Loin de moi : étude sur l’identité,Clément Rosset,,,,,,,,,,,2025/01/03,,,to-read,,,https://editionszoe.ch/auteur/gabriella-zalapi/#videos,,Christopher Laquieze instagram
Ilaria,Gabriella Zalapì,,,,,,,,,,,2025/01/03,,,to-read,,,https://editionszoe.ch/auteur/gabriella-zalapi/#videos,,La.nuit.sera.mots insta
Catarina e a Beleza de Matar Fascistas,Tiago Rodrigues,,,,,,,,,,,2024/06/05,,,to-read,,,,,Clément Viktorovitch - recommande d'aller voir la pièce sans lire le livre
La discipline positive,Jane Nelsen,,,,,,,,,,,2024/07/26,,,to-read,,,,,@kifferlecole
Parler pour que les enfants écoutent écouter pour que les enfants parlent,Faber et Mazlish,,,,,,,,,,,2024/07/26,,,to-read,,,,,@kifferlecole
Les mots sont des fenêtres,Marshall B. Rosenberg,,,,,,,,,,,2024/07/26,,,to-read,,,,,@kifferlecole
Le cerveau qui dit oui,Siegel / Bryson,,,,,,,,,,,2024/07/26,,,to-read,,,,,Céline Syritellis
Petit décodeur illustré de l'enfant en crise,Kleindienst / Corazza,,,,,,,,,,,2024/07/26,,,to-read,,,,,Céline Syritellis
Vous auriez aimé que vos parents lisent ce livre,Philippa Perry,,,,,,,,,,,2024/07/26,,,to-read,,,,,Céline Syritellis
Fondation,Isaac Asimov,,,,,,,,,,,2024/06/05,,,to-read,,,,,Clément Viktorovitch
La horde du contrevent,Alain Damasio,,,,,,,,,,,2024/06/05,,,to-read,,,,,Clément Viktorovitch
L'homme aux cercles bleus,Fred Vargas,,,,,,,,,,,2024/06/05,,,to-read,,,,,Clément Viktorovitch
Les voix du soir,Natalia Ginzburg,,,,,,,,,,,2024/05/29,,,to-read,,,,,La.nuit.sera.mots insta
Un peu plus loin,Guilhem « Pone » Gallart,,,,,,,,,,,2024/04/12,,,to-read,,,https://www.editions-jclattes.fr/livre/un-peu-plus-loin-9782709670173/?hbb-open=button0,,sample.fr
Handbook of Resilience in Children,Sam Goldstein / Robert B. Brooks,,,,,,,,,,,2024/03/13,,,to-read,,,https://www.goodreads.com/en/book/show/1533775,,Livre 'Good Inside' Dr Becky 
Atomic habits,James Clear,,,,,,,,,,,2024/01/02,,,to-read,,,https://jamesclear.com/atomic-habits,,Coach Will / Instagram
Triste Tigre,Neige Sinno,,,,,,,,,,,2023/10/12,,,to-read,,,https://fr.wikipedia.org/wiki/Triste_Tigre,,Podcast: dans la bibliothèque d'Alice Diop
La vie matérielle,Marguerite Duras,,,,,,,,,,,2023/10/12,,,to-read,,,https://fr.wikipedia.org/wiki/W_ou_le_Souvenir_d%27enfance,,Podcast: dans la bibliothèque d'Alice Diop
W ou le souvenir de l'enfance,Georges Pérec,,,,,,,,,,,2023/10/12,,,to-read,,,https://fr.wikipedia.org/wiki/W_ou_le_Souvenir_d%27enfance,,
Dirty weekend,Helen Zahavi,,,,,,,,,,,2023/10/12,,,to-read,,,,,Podcast : La matrescence
Guerris tes blessures,Nicoles Lepera,,,,,,,,,,,2023/10/12,,,to-read,,,,,Podcast : La matrescence Ep.151
La fête des mères,Richard Morgiève,,,,,,,,,,,2023/10/12,,,to-read,,,,,Podcast : Totemic avec Richard Morgiève
Les portes de la perception,Aldous Huxley,,,,,,,,,,,2023/10/12,,,to-read,,,,,Podcast : l'inconscient - Voyage au bout de l'inconscient avec les psychédéliques
Pourquoi l'amour ne suffit pas,Claude Halmos,,,,,,,,,,,2023/10/12,,,to-read,,,,,Podcast : C'est quoi l'amour maitresse
La pauvreté expliquée aux enfants,Esther Duflo,,,,,,,,,,,2023/10/12,,,to-read,,,https://www.radiofrance.fr/franceinter/podcasts/la-terre-au-carre/la-terre-au-carre-du-lundi-08-janvier-2024-6573674,,Podcast : C'est quoi l'amour maitresse
Une enfance en or,Osho,,,,,,,,,,,2023/10/12,,,to-read,,,https://almasta.ch/une-enfance-en-or/,,Podcast : C'est quoi l'amour maitresse
Deep work,Cal Newport,,,,,,,,,,,2023/12/06,,,to-read,,,https://www.goodreads.com/book/show/25744928-deep-work?from_search=true&from_srp=true&qid=oogv6Drcvu&rank=1,,Benjamin Dubreu / Linkedin
So good they can't ignore you,Cal Newport,,,,,,,,,,,2023/12/06,,,to-read,,,https://www.goodreads.com/book/show/13525945-so-good-they-can-t-ignore-you,,Benjamin Dubreu / Linkedin
L'art de l'oisiveté,Herman Hesse,,,,,,,,,,,2025/01/24,,,to-read,,,,,https://youtu.be/MbE2DcU0znE?t=937
L'éloge de l'oisiveté,Bertrand Russell,,,,,,,,,,,2023/12/04,,,to-read,,,https://fr.wikipedia.org/wiki/%C3%89loge_de_l%27oisivet%C3%A9,,
Guérir grâce à la neuroplasticité,Norman Doidge,,,,,,,,,,,2023/06/10,,,to-read,,,https://www.amazon.com/Gu%C3%A9rir-gr%C3%A2ce-neuroplasticit%C3%A9-remarquables-lavant-garde/dp/2266277065/ref=tmm_other_meta_binding_swatch_0?_encoding=UTF8&qid=1686404896&sr=8-1,,
Regarde...ton enfant est competent,Jesper Juul,,,,,,,,,,,2023/06/08,,,to-read,,,https://www.amazon.fr/Regarde-ton-enfant-est-comp%C3%A9tent/dp/2850089060/ref=sr_1_2?__mk_fr_FR=%C3%85M%C3%85%C5%BD%C3%95%C3%91&crid=3VF7S3HNG25EM&keywords=jesper+jull&qid=1686220450&sprefix=jesper+jull%2Caps%2C104&sr=8-2#customerReviews,,
Des mains heureuses,Claire Richard,,,,,,,,,,,2023/05/30,,,to-read,,,https://www.babelio.com/livres/Richard-Des-mains-heureuses--Une-archeologie-du-toucher/1485842,,
The Tibetan Book of Living and Dying,Sogyal Rinpoche,,,,,,,,,,,2023/05/04,,,to-read,,,https://www.rigpa.org/tibetan-book-of-living-and-dying#:~:text=A%20manual%20for%20life%20and,dying%2C%20and%20to%20the%20trials,
Citizens: A Chronicle of the French Revolution,Simon Schama,,,,,,,,,,,2022/12/02,,,to-read,,,,,
Énergie et équité,Ivan Illich,source:https://www.thegreatsimplification.com/episode/47-patrick-ophuls,,,,,,,,,,2022/12/02,,,to-read,,,https://www.arthaud.fr/energie-et-equite/9782081428577,,
How the World Really Works,Vaclav Smil,source:https://www.thegreatsimplification.com/episode/47-patrick-ophuls,,,,,,,,,,2022/12/02,,,to-read,,,https://www.penguinrandomhouse.com/books/666342/how-the-world-really-works-by-vaclav-smil/,,
A Distant Mirror: The Calamitous 14th Century,Barbara W. Tuchman,source:https://www.thegreatsimplification.com/episode/47-patrick-ophuls,,,,,,,,,,2022/12/02,,,to-read,,,https://www.thriftbooks.com/w/a-distant-mirror-the-calamitous-14th-century-by-barbara-w-tuchman/246602/?gclid=Cj0KCQiA1ZGcBhCoARIsAGQ0kkr5cnLy9K9CAV1bpLrBZAwkpB7B-t5Tt1uFqVfbkOTpHMhcSrr6Bt0aAk7rEALw_wcB#edition=2360248&idiq=826404,,
Thinking in Systems,Donella H. Meadows,source:https://www.thegreatsimplification.com/episode/47-patrick-ophuls,,,,,,,,,,2022/12/02,,,to-read,,,https://www.thriftbooks.com/w/thinking-in-systems-a-primer_donella-h-meadows/258994/item/7108396/,,
Adieu à la croissance. Bien vivre dans un monde solidaire,Jean Gadrey ,,,,,,,,,,,2022/12/02,,,to-read,,,https://journals.openedition.org/lectures/17499,,
Souriez vous êtes Français !,Bernard Maris ,,,,,,,,,,,2022/12/02,,,to-read,,,https://www.grasset.fr/livres/souriez-vous-etes-francais-9782246861102,,
La permaculture dans un petit jardin,Kurt Forster,,,,,,,,,,,2022/12/02,,,to-read,,,https://www.librairie-permaculturelle.fr/au-jardin/38-livre-la-permaculture-dans-un-petit-jardin-kurt-forster.html,,
La permaculture en appartement,VIRBEL ALONSO Christine,,,,,,,,,,,2022/12/02,,,to-read,,,https://editions-jouvence.fr/livre/la-permaculture-en-appartement/,,
Les Trente Glorieuses,Jean Fourastié,,,,,,,,,,,2022/11/02,,,to-read,,,https://www.fayard.fr/sciences-humaines/les-trente-glorieuses-9782213006833,,
Le vieil homme et son chat - Tome 1,Nekomaki,,,3.0,,,,,2015.0,,2020/11/19,2020/03/09,read,to-read (#107),read,,,,,
L'art de perdre,Alice Zeniter,,,4.0,,,,,2020,,2020/11/11,,read,,read,,,https://editions.flammarion.com/Catalogue/hors-collection/litterature-francaise/lart-de-perdre,,
Le Temps des humbles,Désirée et Alain Frappier,,,5.0,,,,,2020,,2020/10/01,,read,,read,,,https://steinkis.com/livres/le-temps-des-humbles/le-temps-des-humbles.html,,
Ne plus se mentir,Jean-Marc Gancille,,,4.0,,Rue de l'échiquier,,,2019,,2020/07/12,,read,,read,,,https://www.ruedelechiquier.net/essais/208-ne-plus-se-mentir.html,,
Comment je suis devenu anarchiste,Isabelle Attard,,,4.0,,Seuil - Reporterre,,,2019,,2020/07/03,2020/05/20,read,,read,,,https://www.seuil.com/ouvrage/comment-je-suis-devenue-anarchiste-isabelle-attard/9782021440355,,
Les racines du ciel,Romain Gary,,,5.0,,,,,2019,2019.0,2020/06/12,2020/05/11,read,,read,,,https://www.placedeslibraires.fr/livre/9782070226634-les-racines-du-ciel-romain-gary/,,
Plutôt couler en beauté que flotter sans grâce,Corinne Morel Darleux,,,5.0,,Libertalia,,,2019.0,2019.0,2020/05/12,2020/05/11,read,,read,,,https://www.editionslibertalia.com/catalogue/la-petite-litteraire/corinne-morel-darleux-plutot-couler-en-beaute,,
Sum: Forty Tales from the Afterlives,David Eagleman,307377342,,3.0,4.14,Pantheon,Hardcover,110,2009.0,2009.0,2020/04/20,2016/08/23,read,to-read (#45),read,,,https://openlibrary.org/books/OL16873074M/Sum,,
Illusion financière (3e édition),Gaël Giraud,,,4.0,3.57,Éditions de l'Atelier,Kindle Edition,253,2014.0,2014.0,2020/04/13,2019/03/31,,read (#92),read,,,,,
Nino dans la nuit,Capucine & Simon Johannin,,,5.0,3.73,Editions Allia,Kindle Edition,279,2019.0,,2020/03/24,2019/01/05,,,read,,,,,
Introduction à la pensée complexe,Edgar Morin,,,,,,,,,,,2022/04/05,,,to-read,,,https://www.seuil.com/ouvrage/introduction-a-la-pensee-complexe-edgar-morin/9782757842003,,
77, Marin Fouqué,,,0.0,,,,,,,,2021/09/30,,,to-read,,,https://www.actes-sud.fr/catalogue/77,,
Racisme de l'intelligence, Pierre Bourdieu,,,0.0,,,,,,,,2021/09/21,,,to-read,,,https://www.monde-diplomatique.fr/2004/04/BOURDIEU/11113,,
Noces, Camus,,,0.0,,,,,,,,2021/09/21,,,to-read,,,https://archive.org/details/nocessuividelt00camu/mode/2up,,
Une écologie décoloniale,Malcom Ferdinand,,,0.0,,,,,,,,2021/09/09,,,to-read,,,https://www.seuil.com/ouvrage/une-ecologie-decoloniale-malcom-ferdinand/9782021388497,,
La discipline sans drame,Tina Payne Bryson / Daniel J. Siegel,,,0.0,,,,,,,,2021/05/18,,,to-read,,,https://www.placedeslibraires.fr/livre/9782501135412-la-discipline-sans-drame-calmer-les-crises-et-aider-votre-enfant-a-grandir-tina-payne-bryson-daniel-j-siegel/,,
T.A.Z. Zone autonome temporaire,Hakim Bey,,,0.0,,,,,,,,2021/05/04,,,to-read,,,https://www.leslibraires.fr/livre/13185869-t-a-z-zone-autonome-temporaire-hakim-bey-l-eclat,,
Bhagavad-Gita,,,,0.0,,,,,,,,2021/01/21,,,to-read,,,https://fr.wikipedia.org/wiki/Bhagavad-Gita,,
Les ritals,François Cavanna,,,0.0,,,,,,,2021/04/23,2020/09/24,,,to-read,,,,,
Less is More,Jason Hickel,,,5.0,,,,,,,2021/03/25,2020/09/24,,,to-read,,,,,
Doughnut Economics,Kate Raworth,,,5.0,,,,,,,2021/03/25,2020/09/24,,,to-read,,,,,
Design for the Real World: Human Ecology and Social Change,Victor Papanek,,,0.0,,,,,,,,2020/12/14,,,to-read,,,https://www.goodreads.com/book/show/190560.Design_for_the_Real_World,,
Le Bug Humain,Sébastien Bohler,,,0.0,,,,,,,,2020/12/12,,,to-read,,,https://www.franceculture.fr/oeuvre/le-bug-humain,,
Agir ici et maintenant,Floréal M. Romero,,,0.0,,,,,2019.0,,,2020/11/17,,,to-read,,,https://www.editionsducommun.org/products/agir-ici-et-maintenant-floreal-m-romero,,
The Rock Warrior’s Way,Arno Ilgner,,,0.0,,,,,2020.0,,,2020/11/02,,,to-read,,,https://warriorsway.com/the-rock-warriors-way-mental-training-for-climbers-2/,,
Une monnaie écologique,Alain Grandjean & Nicolas Dufrêne,,,0.0,,,,,2020.0,,,2020/09/24,,,to-read,,,https://www.odilejacob.fr/catalogue/sciences/sciences-de-la-terre/une-monnaie-ecologique_9782738152220.php,,
The Age of Sustainability,Mark Swilling,,,0.0,,,,,2020.0,,,2020/09/24,,,to-read,,,https://www.routledge.com/The-Age-of-Sustainability-Just-Transitions-in-a-Complex-World/Swilling/p/book/9780367178161,,
Year of the Monkey,Patti Smith,,,0.0,,,,,2020.0,,,2020/09/24,,,to-read,,,https://www.leslibraires.ca/livres/year-of-the-monkey-patti-smith-9780735279308.html,,
Airvore ou la face obscure des transports,Laurent Castaignède,,,0.0,,,,,2020.0,,,2020/07/13,,,to-read,,,https://ecosociete.org/livres/airvore,,
Effondrement,Jared Diamond,,,0.0,,,,,2005.0,,,2020/07/20,,,to-read,,,https://ecosociete.org/livres/airvore,,
L’Art de durer. Le Fascisme au Portugal ,Fernando Rosas,,,0.0,,,,,2020.0,,,2020/06/30,not-finished,not-finished,,,,https://editionssociales.fr/index.php/2020/04/16/fernando-rosas-lart-de-durer-le-fascisme-au-portugal-2/,,
Rue des Pâquerettes,Mehdi Charef,,,0.0,,,,,2020.0,,,2020/06/30,,,to-read,,,https://www.horsdatteinte.org/produit/rue-des-paquerettes-2/,,
Notre corps nous mêmes,Collectif NCNM,,,0.0,,,,,2020.0,,,2020/06/30,,,to-read,,,https://www.horsdatteinte.org/produit/notre-corps-nous-memes/,,
L'economie des inegalites,Thomas Piketty,,,0.0,,,,,2020.0,,,2020/06/17,,,to-read,,,https://www.cairn.info/l-economie-des-inegalites--9782707185679.htm#,,
Solide,Romain Desgranges,,,4.0,,,,,2020.0,,2020/05/20,2020/05/20,,,read,,,,https://www.leslibraires.fr/livre/16828089-solide--romain-desgranges-guerin,
La permaculture dans un petit jardin,Kurt Forster,,,0.0,,,,,2019.0,2019.0,2020/05/29,2020/05/29,to-read,,to-read,,,https://librairie-permaculturelle.fr/potager/38-livre-la-permaculture-dans-un-petit-jardin-kurt-forster.html,,
Ecotopia,Ernest Callenbach,,,0.0,,,,,,,2020/05/29,2020/05/29,to-read,,to-read,,,https://www.babelio.com/livres/Callenbach-cotopia/1079051,,
L'Education vraiment positive,Béatrice Kammerer,,9782035959492.0,3.0,3.8,Larousse,Paperback,224,2019.0,,2020/03/12,2019/12/04,,,read,,,,,
Déclic,Maxime Guedj & Anne-Sophie Jacques,,,5.0,,Les arènes,Paperback,,,,2020/03/10,,,,read,,,,,
Le guide du mauvais père,Guy Delisle,2413002804,9782413002802.0,5.0,4.11,Editions Delcourt,Paperback,192,2018.0,2018.0,2020/03/09,2020/03/09,,,read,,,,,
Algues vertes,Inès Léraud,241301036X,9782413010364.0,5.0,4.63,DELCOURT,Paperback,159,2019.0,2019.0,2020/02/11,2020/02/13,,,read,,,,,
Cassandra Darke,Posy Simmonds,224089102,9780224089104.0,3.0,4.01,Jonathan Cape,Paperback,136,2018.0,2018.0,2020/01/22,2020/01/23,,,read,,,,,
In Waves,A.J. Dungo,1910620300,9781910620304.0,5.0,4.4,Nobrow,Hardcover,376,2019.0,2019.0,2019/12/31,2019/12/30,,,read,,,,,
Blankets,Craig Thompson,1891830430,9781891830433.0,5.0,4.05,Top Shelf Productions,Paperback,592,2003.0,2003.0,2019/10/29,2019/10/24,,,read,,https://openlibrary.org/books/OL3324704M/Blankets,https://openlibrary.org/books/OL3324704M/Blankets,,
In utero,Julien Blanc-Gras,2846269971,9782846269971.0,5.0,3.94,Au Diable Vauvert,Hardcover,192,2015.0,2015.0,2019/10/01,2019/10/02,,,read,,https://openlibrary.org/books/OL27510794M/In_utero,https://openlibrary.org/books/OL27510794M/In_utero,,
Errance,Raymond Depardon,,,4.0,4.0,,,,,,2019/07/18,2019/07/18,,,read,,,,,
Hands-On Machine Learning with Scikit-Learn 2nd Edition,Aurélien Géron,,,4.0,4.0,,,,,,2019,2019,,,read,,,https://www.oreilly.com/library/view/hands-on-machine-learning/9781492032632/,,
Tu seras un homme -féministe - mon fils !,Aurélia Blanc,2501134052,9782501134057.0,5.0,4.25,Marabout,Paperback,224,2018.0,,2019/07/08,2019/03/08,,,read,,,,,
Ces jours qui disparaissent,Timothé Le Boucher,2344013326,9782344013328.0,3.0,4.37,Glénat,Hardcover,192,2017.0,2017.0,2019/05/11,2019/05/11,,,read,,,,,
La Parenthèse,Élodie Durand,2756017035,9782756017037.0,4.0,4.11,Delcourt,Paperback,221,2010.0,2010.0,2019/03/12,2019/03/10,,,read,,https://openlibrary.org/books/OL25801787M/La_parenth\u00e8se,https://openlibrary.org/books/OL25801787M/La_parenth\u00e8se,,
Les Reflets changeants,Aude Mermilliod,,,3.0,3.58,Le Lombard,Kindle Edition,200,2017.0,,2019/03/09,2019/03/09,,,read,,,,,
The Property,Rutu Modan,1770461159,9781770461154.0,3.0,3.93,Drawn and Quarterly,Hardcover,222,2013.0,2013.0,2019/03/04,2019/03/04,,,read,,https://openlibrary.org/books/OL27146403M/The_property,https://openlibrary.org/books/OL27146403M/The_property,,
Three Shadows,Cyril Pedrosa,159643239X,9781596432390.0,3.0,4.05,First Second,Paperback,268,2008.0,2007.0,2019/02/25,2019/02/24,,,read,,https://openlibrary.org/books/OL12442025M/Three_Shadows,https://openlibrary.org/books/OL12442025M/Three_Shadows,,
Punk Rock et mobile homes (Hors collection),Derf Backderf,,,5.0,4.09,Cà et là,Kindle Edition,154,2014.0,2008.0,2019/01/31,2019/02/02,,,read,,,,,
Comment tout peut s'effondrer,Pablo Servigne,,,5.0,4.23,Le Seuil,Kindle Edition,304,2015.0,2015.0,2019/01/23,2018/11/29,,,read,,,,https://www.placedeslibraires.fr/livre/9782757868201-comment-tout-peut-s-effondrer-petit-manuel-de-collapsologie-a-l-usage-des-generations-presentes-pablo-servigne-raphael-stevens/,
Vingt-trois prostituées,Chester Brown,,9782360810420.0,5.0,3.63,Editions Cornélius,,280,2012.0,2011.0,2019/01/19,2019/01/19,,,read,,,,,
Bons pour l'asile (Les vieux fourneaux #5),Wilfrid Lupano,,9782505071419.0,4.0,4.45,Dargaud,Hardcover,56,2018.0,,2019/01/02,2019/01/02,,,read,,,,,
Monk!: Thelonious, Pannonica,1626724342,9781626724341.0,5.0,4.06,First Second,Hardcover,352,2018.0,,2018/12/30,2018/12/30,,,,,,,,
Trashed,Derf Backderf,1419714546,9781419714542.0,4.0,3.78,Harry N. Abrams,Paperback,256,2015.0,2015.0,2018/12/25,2018/12/25,,,read,,https://openlibrary.org/books/OL27195566M/Trashed,https://openlibrary.org/books/OL27195566M/Trashed,,
Mamie Luger,Benoit Philippon,,,5.0,4.27,Les Arènes,Kindle Edition,450,2018.0,,2018/12/22,2018/12/20,,,read,,,,,
Black Hole,Charles Burns,037542380X,9780375423802.0,4.0,3.84,Pantheon,Hardcover,368,2005.0,1995.0,2018/12/15,2018/10/15,,,read,,https://openlibrary.org/books/OL23240554M/Black_hole,https://openlibrary.org/books/OL23240554M/Black_hole,,
Les grands espaces,Catherine Meurisse,,,4.0,4.19,Dargaud,Kindle Edition,92,2018.0,2018.0,2018/12/05,2018/12/06,,,read,,,,,
Wake up America 1963-1965 (Wake up America,John Lewis,,9782369810452.0,4.0,4.64,Rue de Sèvres,Hardcover,256,2017.0,2016.0,2018/11/25,2018/11/24,,,read,,,,,
Wake up America 1960-1963 (Wake up America #2),John Lewis,2369810386,9782369810384.0,5.0,4.51,Rue de Sèvres,Hardcover,192,2015.0,2015.0,2018/11/18,2018/11/18,,,read,,,,,
Wake Up America 1940-1960,John Lewis,2369810408,9782369810407.0,4.0,4.33,Rue de Sèvres,Hardcover,127,2014.0,2013.0,2018/11/02,2018/11/02,,,read,,,,,
L'origine du Monde (Le Roi des Mouches #2),Mezzo,2356260463,9782356260468.0,3.0,3.98,,Paperback,,,2011.0,2018/10/24,2018/10/24,,,read,,,,,
King of the Flies Vol. 1: Hallorave,Mezzo,1606993208,9781606993200.0,3.0,3.72,,Hardcover,64,,2005.0,2018/10/24,2018/10/24,,,read,,https://openlibrary.org/books/OL27132023M/King_of_the_flies,https://openlibrary.org/books/OL27132023M/King_of_the_flies,,
Ailefroide : Altitude 3954,Jean-Marc Rochette,2203121939,9782203121935.0,5.0,4.27,Casterman,Hardcover,296,2018.0,2018.0,2018/10/12,2018/10/15,,,read,,,,,
La Voie du sentir,Robert Eymeri,,,5.0,4.0,Editions du Relié,Kindle Edition,350,2015.0,2015.0,2018/09/07,2018/08/27,,,read,,,https://vidaruamarcosportugal.github.io/book_notes/la_voie_du_sentir.html,,
The Untethered Soul: The Journey Beyond Yourself,Michael A. Singer,1572245379,9781572245372.0,3.0,4.24,New Harbinger Publications,Paperback,200,2007.0,2007.0,2018/08/30,2018/06/02,,,read,,https://openlibrary.org/books/OL12203904M/The_Untethered_Soul,https://openlibrary.org/books/OL12203904M/The_Untethered_Soul,,
Les chants mêlés de la Terre et de l'Humanité,Jean-Claude Ameisen,,,4.0,4.33,Editions de l'Aube,Kindle Edition,112,2015.0,,2018/08/05,2018/07/23,,,read,,,,,
Sample !,Brice Miclet,2360544969,9782360544967.0,4.0,0.0,Le mot et le reste ,Paperback,256,2018.0,,2018/06/05,2018/06/05,,,read,,,,,
Fief,David López,,9782021362152.0,5.0,3.87,Seuil,Paperback,252,2017.0,2017.0,2018/06/05,2017/09/17,,,read,,,https://openlibrary.org/books/OL26943474M/Fief,,
My Friend Dahmer,Derf Backderf,1419702173,9781419702174.0,5.0,3.93,Abrams Books,Paperback,224,2012.0,2012.0,2018/05/20,2018/05/20,,,read,,https://openlibrary.org/books/OL26073238M/My_Friend_Dahmer,https://openlibrary.org/books/OL26073238M/My_Friend_Dahmer,,
L'Homme gribouillé,Serge Lehman,,,3.0,3.91,Delcourt,Kindle Edition,328,2018.0,2018.0,2018/05/13,2018/05/13,,,read,,,,,
Le vieil homme et la mer,Ernest Hemingway,2070360075,9782070360079.0,4.0,3.77,Folio,Mass Market Paperback,148,1999.0,1951.0,2018/05/10,2018/05/11,,,read,,https://openlibrary.org/books/OL21768388M/Le_vieil_homme_et_la_mer,https://openlibrary.org/books/OL21768388M/Le_vieil_homme_et_la_mer,,
Jours barbares,William Finnegan,,,5.0,4.21,Sous-Sol,Kindle Edition,528,2017.0,2015.0,2018/04/30,2017/09/16,,,read,,,,,
La Magicienne (Les vieux fourneaux - tome 4),Wilfrid Lupano,250506542X,9782505065425.0,5.0,4.28,Dargaud,Hardcover,56,2017.0,2017.0,2018/03/19,2018/03/18,,,read,,,,,
Celui qui part (Les vieux fourneaux - tome 3),Wilfrid Lupano,2505063524,9782505063520.0,5.0,4.33,Dargaud,Hardcover,64,2015.0,2015.0,2018/03/19,2018/03/18,,,read,,,,,
Bonny and Pierrot (Les Vieux Fourneaux - tome 2),Wilfrid Lupano,2505061637,9782505061632.0,5.0,4.3,Dargaud,Hardcover,56,2014.0,2014.0,2018/03/18,2018/03/18,,,read,,,,,
Ceux qui restent  (Les vieux fourneaux - tome 1),Wilfrid Lupano,2505019932,9782505019930.0,5.0,4.28,Dargaud,Hardcover,56,2014.0,2014.0,2018/03/18,2018/03/18,,,read,,,,,
Le guide du mauvais père,Guy Delisle,2756038733,9782756038735.0,4.0,3.56,Editions Delcourt,Paperback,192,2013.0,2013.0,2018/03/18,2018/03/18,,,read,,,,,
L'Aimant,Lucas Harari,2848659866,9782848659862.0,3.0,3.81,Sarbacane,Hardcover,152,2017.0,2017.0,2018/03/13,2018/03/14,,,read,,,,,
A la verticale de soi,Stéphanie Bodet,2352211824,9782352211822.0,4.0,4.3,Guerin Eds,Mass Market Paperback,294,2016.0,,2017/12/30,2017/10/26,,,read,,,,,
Notre histoire. Pingru et Meitang,Rao Pingru,,,5.0,4.02,Le Seuil,Kindle Edition,,2017.0,2013.0,2017/10/31,2017/07/30,,,read,,,,,
La vie secrète des arbres,Peter Wohlleben,2352045932,9782352045939.0,4.0,4.05,Les Arenes,Paperback,253,2017.0,2015.0,2017/08/19,2017/08/02,,,read,,,,,
Lulu Femme Nue 1,Étienne Davodeau,2754801022,9782754801027.0,3.0,3.9,Futuropolis,Board book,78,2008.0,,2017/07/28,2017/07/28,,,read,,,,,
Rural ! Chronique d'une Collision Politique,Étienne Davodeau,2840555832,9782840555834.0,3.0,3.84,Delcourt,Paperback,139,2001.0,2001.0,2017/07/20,2017/07/28,,,read,,https://openlibrary.org/books/OL12611655M/Rural_!_Chronique_d'une_collision_politique,https://openlibrary.org/books/OL12611655M/Rural_!_Chronique_d'une_collision_politique,,
The Complete Maus,Art Spiegelman,141014083,9780141014081.0,5.0,4.55,Penguin Books,Paperback,296,2003.0,1986.0,2017/03/18,2016/12/28,,,read,,,https://openlibrary.org/books/OL22588193M/COMPLETE_MAUS_MY_FATHER_BLEEDS_HISTORY_AND_HERE_MY_TROUBLES_BEGAN,,
Thinking Fast and Slow,Daniel Kahneman,374275637,9780374275631.0,0.0,4.15,Farrar, Straus and Giroux,Hardcover,499.0,2011.0,2017/03/18,,,not-finished,currently-reading (#3),,,,,
Signs Preceding the End of the World,Yuri Herrera,1908276428,9781908276421.0,3.0,3.92,And Other Stories,Paperback,114,2015.0,2009.0,2017/03/06,2016/08/22,,,read,,https://openlibrary.org/books/OL26221252M/SIgns_proceeding_the_end_of_the_world,https://openlibrary.org/books/OL26221252M/SIgns_proceeding_the_end_of_the_world,,
The Four Agreements: A Practical Guide to Personal Freedom,Miguel Ruiz,1878424505,9781878424501.0,2.0,4.15,Amber-Allen Publishing,Hardcover,168,2001.0,1997.0,2017/02/09,2017/02/05,,,read,,https://openlibrary.org/books/OL8674394M/The_Four_Agreements,https://openlibrary.org/books/OL8674394M/The_Four_Agreements,,
Dans la lumière et les ombres: Darwin et le bouleversement du monde,Jean-Claude Ameisen,2213638004,9782213638003.0,3.0,4.0,Fayard,Hardcover,489,2008.0,2008.0,2017/02/05,2015/12/20,,,read,,https://openlibrary.org/books/OL23050473M/Dans_la_lumi\u00e8re_et_les_ombres,https://openlibrary.org/books/OL23050473M/Dans_la_lumi\u00e8re_et_les_ombres,,
Better Presentations: A Guide for Scholars, Jonathan Schwabish,,231175205.0,0.0,0.0,4.25,Columbia University Press,Hardcover,192.0,2016.0,2017/01/27,2017/01/27,,to-read,to-read (#52),to-read,,,,
Petit pays,Gaël Faye,2246857333,9782246857334.0,4.0,4.23,Grasset,Paperback,224,2016.0,2016.0,2017/01/05,2016/12/25,,,read,,https://openlibrary.org/books/OL27231823M/Petit_pays,https://openlibrary.org/books/OL27231823M/Petit_pays,,
Un océan d'amour,Wilfrid Lupano,2756062103,9782756062105.0,5.0,4.34,Delcourt,Hardcover,224,2014.0,2014.0,2017/01/02,2019/01/02,,,read,,,,,
Les ignorants. Récit d'une initiation croisée,Étienne Davodeau,2754803823,9782754803823.0,5.0,4.19,Futuropolis,Hardcover,272,2011.0,2011.0,2016/12/29,2016/12/28,,,read,,https://openlibrary.org/books/OL25295543M/Les_ignorants,https://openlibrary.org/books/OL25295543M/Les_ignorants,,
Here,Richard McGuire,241145961,9780241145968.0,5.0,4.19,Hamish Hamilton,Hardcover,304,2014.0,2014.0,2016/12/25,2016/12/25,,,read,,,,,
L'histoire de Saul Miller (Melvile #2),Romain Renard,,9782803635702.0,3.0,3.76,,Hardcover,208,2016.0,2016.0,2016/10/26,2016/10/26,,,read,,,,,
Les Culottées,Pénélope Bagieu,,,4.0,4.61,,,141,2016.0,2016.0,2016/10/24,2016/10/24,,,read,,,,,
Building Stories,Chris Ware,375424334,9780375424335.0,5.0,4.3,Pantheon,Hardcover,260,2012.0,2012.0,2016/10/01,2016/08/23,bd,bd (#12),read,,,https://openlibrary.org/books/OL25238632M/Building_stories,,
Python for Data Analysis,Wes McKinney,1449319793,9781449319793.0,4.0,4.12,O'Reilly Media,Paperback,400,2012.0,2011.0,2016/09/01,2016/01/31,,,read,,https://openlibrary.org/books/OL26005473M/Python_For_Data_Analysis,https://openlibrary.org/books/OL26005473M/Python_For_Data_Analysis,,
La légèreté,Catherine Meurisse,2205075667,9782205075663.0,5.0,4.12,Dargaud,Hardcover,136,2016.0,2016.0,2016/08/29,2016/08/29,,,read,,,,,
Melvile : L'histoire de Samuel Beauclair,Romain Renard,2803632926,9782803632923.0,4.0,4.15,Le Lombard,Hardcover,136,2013.0,2013.0,2016/08/23,2016/08/23,,,read,,,,,
Qui est l'ennemi ?,Jean-Yves Le Drian,,,3.0,4.0,Editions du Cerf,Kindle Edition,35,2016.0,,2016/08/21,2016/08/18,,,read,,,,,
La Végétarienne,Han Kang,,9791094680032.0,4.0,3.58,Le Serpent à plumes / L'Aube,Paperback,201,2015.0,2007.0,2016/08/19,2016/08/16,,,read,,,,,
Les Belles Endormies,Yasunari Kawabata,2253029890,9782253029892.0,3.0,3.6,Le Livre de Poche,Mass Market Paperback,125,1982.0,1961.0,2016/08/13,2016/08/13,,,read,,https://openlibrary.org/books/OL8887388M/Les_Belles_Endormies,https://openlibrary.org/books/OL8887388M/Les_Belles_Endormies,,
Voyage aux îles de la Désolation,Emmanuel Lepage,2754804242,9782754804240.0,5.0,4.43,Futuropolis,Hardcover,157,2011.0,2011.0,2016/08/06,2016/07/27,,,read,,,,,
Radioactive: Marie and Pierre Curie,Lauren Redniss,61351326,9780061351327.0,5.0,4.02,It Books,Hardcover,208,2010.0,2010.0,2016/07/27,2016/07/24,,,read,,,,,
Lupus Tome2,Frederik Peeters,8392442684,9788392442684.0,4.0,3.99,Post,Paperback,92,2009.0,2003.0,2016/07/09,2016/07/09,,,read,,,,,
Lupus Tome1,Frederik Peeters,8391914259,,4.0,3.99,Post,Paperback,94,2005.0,2002.0,2016/07/09,2016/07/09,,,read,,,,,
L'empire des signes,Roland Barthes,2757806459,9782757806456.0,4.0,3.9,Seuil,Paperback,176,2007.0,1970.0,2016/05/15,2016/05/21,,,read,,https://openlibrary.org/books/OL25175257M/L'_empire_des_signes,https://openlibrary.org/books/OL25175257M/L'_empire_des_signes,,
The 15 Commitments of Conscious Leadership,Jim Dethmer,,,3.0,4.19,,Kindle Edition,376,2015.0,2015.0,2016/03/26,2015/04/07,personal-development,personal-development (#6),read,,,,,
L'Arabe du futur 2 : Une jeunesse au Moyen-Orient,Riad Sattouf,2370730544,9782370730541.0,4.0,4.21,Allary Éditions,Paperback,158,2015.0,2015.0,2016/01/02,2016/01/02,,,read,,https://openlibrary.org/books/OL27204467M/L'Arabe_du_futur,,,
On the Move: A Life,Oliver Sacks,345808967,9780345808967.0,5.0,4.07,Knopf Canada,Hardcover,397,2015.0,2015.0,2016/01/01,2015/06/22,,,read,,,,,
Economix,Michael    Goodwin,2352042437,9782352042433.0,5.0,4.32,Les arènes,Paperback,304,2013.0,2012.0,2015/12/21,2015/12/20,,,read,,,,,
Chroniques birmanes,Guy Delisle,2756009334,9782756009339.0,4.0,3.99,Delcourt,Broché,263,2007.0,2007.0,2015/12/06,2015/12/06,,,read,,https://openlibrary.org/books/OL25769998M/Chroniques_birmanes,https://openlibrary.org/books/OL25769998M/Chroniques_birmanes,,
Data Smart: Using Data Science to Transform Information into Insight,John W. Foreman,111866146X,9781118661468.0,0.0,4.16,John Wiley & Sons,Paperback,409,2013.0,2013.0,2015/12/01,2015/05/05,,,read,,https://openlibrary.org/books/OL25881621M/Data_Smart,https://openlibrary.org/books/OL25881621M/Data_Smart,,
Mindset: How You Can Fulfil Your Potential,Carol S. Dweck,,9781780332000.0,3.0,4.07,Robinson,Paperback,301,2017.0,2006.0,2015/12/01,2015/01/04,,,read,,,,,
L'attrape-cœurs,J.D. Salinger,2266125354,9782266125352.0,4.0,3.8,Pocket,Mass Market Paperback,253,2007.0,1951.0,2015/08/22,2015/08/22,,,read,,https://openlibrary.org/books/OL8890450M/L'Attrape-Coeurs,https://openlibrary.org/books/OL8890450M/L'Attrape-Coeurs,,
Retrouver l'aube (Sur les épaules de Darwin 3),Jean-Claude Ameisen,,,4.0,4.39,Éditions Les Liens qui libèrent,Kindle Edition,448,2014.0,2014.0,2015/08/14,2015/07/17,,,read,,,,,
Le Joueur d'échecs,Stefan Zweig,,,4.0,4.29,Le Livre de Poche,Kindle Edition,46,2015.0,1942.0,2015/08/03,2015/08/10,,,read,,,,,
Cinq mille kilomètres par seconde,Manuele Fior,2940329648,9782940329649.0,2.0,3.61,Atrabile,Paperback,144,2010.0,2009.0,2015/07/19,2015/07/19,bd,bd (#11),read,,,,,
Persepolis: The Story of a Childhood,Marjane Satrapi,037571457X,9780375714573.0,0.0,4.25,Pantheon,Paperback,153,2004.0,2000.0,2015/07/17,2015/07/17,,,read,,https://openlibrary.org/books/OL22133101M/Persepolis,,,
Journal d'Italie,David B.,2756009318,9782756009315.0,2.0,3.23,Editions Delcourt,Paperback,152,2010.0,2010.0,2015/07/01,2015/07/19,bd,bd (#10),,,,,,
Dataclysm: Who We Are (When We Think No One's Looking),Christian Rudder,385347375,9780385347372.0,3.0,3.74,Crown,Hardcover,304,2014.0,2014.0,2015/04/06,2015/03/05,web,web (#6),read,Fascinating and scaring at times (we human are crazy...). Cool visions developed for a very interesting discipline.,,https://openlibrary.org/books/OL27162751M/Dataclysm,,
The Icarus Deception: How High Will You Fly?,Seth Godin,1591846072,9781591846079.0,3.0,3.97,Portfolio,Hardcover,256,2012.0,2012.0,2015/03/15,2013/01/03,personal-development,personal-development (#5),read,Empowerment and well,https://openlibrary.org/books/OL26059886M/The_Icarus_Deception_How_High_Will_You_Fly,https://openlibrary.org/books/OL26059886M/The_Icarus_Deception_How_High_Will_You_Fly,,
La lune est blanche,Emmanuel Lepage,,9782754810289.0,4.0,4.35,Futuropolis,,256,2014.0,2014.0,2015/03/08,2015/03/08,bd,bd (#9),read,A lire avant d'aller dormir,,,,
V is for Vulnerable: An Alphabet for People Who Want to Make a Difference,Seth Godin,1591846102,9781591846109.0,3.0,3.89,Portfolio Hardcover,Hardcover,64,2012.0,2012.0,2015/03/01,2015/02/21,personal-development,personal-development (#4),read,,https://openlibrary.org/books/OL26068825M/V_Is_For_Vulnerable_Life_Outside_The_Comfort_Zone,https://openlibrary.org/books/OL26068825M/V_Is_For_Vulnerable_Life_Outside_The_Comfort_Zone,,
The Accidental Universe: The World You Thought You Knew,Alan Lightman,034580595X,9780345805959.0,3.0,3.83,Vintage,Paperback,176,2014.0,2013.0,2015/01/09,2014/12/29,science,science (#6),read,,https://openlibrary.org/books/OL26241437M/The_Accidental_Universe,https://openlibrary.org/books/OL26241437M/The_Accidental_Universe,,
Eloquent JavaScript: A Modern Introduction to Programming,Marijn Haverbeke,1593272820,9781593272821.0,0.0,4.14,No Starch Press,Paperback,224,2011.0,2010.0,2015/01/01,2014/10/20,,,read,,https://openlibrary.org/books/OL24411757M/Eloquent_Javascript,https://openlibrary.org/books/OL24411757M/Eloquent_Javascript,,
Mémé,Philippe Torreton,2913366619,9782913366619.0,5.0,3.94,L'iconoclaste,Paperback,144,2014.0,2014.0,2014/12/23,2014/02/07,,,read,Miss u Mémé.,,,,
Love in vain : Robert Johnson 1911-1938,J.M. Dupont,,9782344003398.0,5.0,3.87,Glénat,Hardcover,64,2014.0,2014.0,2014/12/10,2014/12/09,,,read,Aesthetic beauty,,,,
Come prima,Alfred,2756031526,9782756031521.0,5.0,4.05,DELCOURT/MIRAGES,Hardcover,223,2013.0,2013.0,2014/12/01,2014/12/07,bd,bd (#8),read,,,,,
Descartes' Error: Emotion Reason and the Human Brain,António R. Damásio,014303622X,9780143036227.0,4.0,3.97,Penguin Books Ltd,Paperback,336,2005.0,1994.0,2014/08/01,2013/08/11,neurology, science,neurology (#4),,https://openlibrary.org/books/OL22760084M/Descartes'_error,,,
The Quantum Universe: Everything That Can Happen Does Happen,Brian Cox,1846144329,9781846144325.0,0.0,3.77,Allen Lane,Hardcover,256,2011.0,2011.0,2014/07/19,2012/12/28,,,read,,https://openlibrary.org/books/OL25207801M/The_Quantum_Universe,https://openlibrary.org/books/OL25207801M/The_Quantum_Universe,,
The Design of Everyday Things,Donald A. Norman,465067107,9780465067107.0,3.0,4.17,Basic Books,Paperback,240,2002.0,1988.0,2014/06/01,2012/12/26,,,read,,,https://openlibrary.org/books/OL3702614M/The_design_of_everyday_things,,
Neurocomic,Hana Ros,1907704701,9781907704703.0,5.0,3.62,Nobrow Press,Hardcover,144,2014.0,2013.0,2014/04/14,2014/04/13,science, neurology, bd,science (#3),https://openlibrary.org/books/OL27160262M/Neurocomic,https://openlibrary.org/books/OL27160262M/Neurocomic,,
Are You My Mother? A Comic Drama,Alison Bechdel,618982507,9780618982509.0,1.0,3.69,Houghton Mifflin,Hardcover,290,2012.0,2012.0,2014/04/13,2014/04/13,,,read,,,https://openlibrary.org/books/OL25247569M/Are_you_my_mother,,
Designing for Emotion,Aarron Walter,,9781937557003.0,4.0,3.98,A Book Apart,Paperback,104,2011.0,2011.0,2014/03/01,2014/12/08,design,design (#1),read,,,https://openlibrary.org/books/OL25083437M/Designing_For_Emotion,,
Hallucinations,Oliver Sacks,307957241,9780307957245.0,4.0,3.88,Knopf,Hardcover,326,2012.0,2012.0,2014/03/01,2013/01/03,,,read,,,https://openlibrary.org/books/OL25190272M/Hallucinations,,
Je t’offrirai des spectacles admirables,Jean-Claude Ameisen,1020900660,9791020900661.0,5.0,4.19,Les Liens qui Libèrent,Paperback,448,2013.0,2013.0,2014/02/22,2013/12/01,,,read,,,,,
Fun Home: A Family Tragicomic,Alison Bechdel,618477942,9780618477944.0,4.0,4.08,Houghton Mifflin Company,Hardcover,240,2006.0,2006.0,2014/01/01,2014/04/13,bd,bd (#7),read,,,https://openlibrary.org/books/OL25888386M/Fun_Home,,
New York: The Big City,Will Eisner,393328058,9780393328059.0,3.0,4.14,W. W. Norton  Company,Paperback,160,2007.0,1986.0,2014/01/01,2014/01/21,bd,bd (#5),read,,,https://openlibrary.org/books/OL9591818M/New_York,,
The Furniture of Charles and Ray Eames,Rolf Fehlbaum,3931936740,9783931936747.0,0.0,4.67,Vitra Design Museum,Hardcover,159,2013.0,2007.0,2014/01/01,2013/09/08,,,read,,https://openlibrary.org/books/OL16782159M/The_furniture_of_Charles_and_Ray_Eames,https://openlibrary.org/books/OL16782159M/The_furniture_of_Charles_and_Ray_Eames,,
The Lean Startup: How Today's Entrepreneurs Use Continuous Innovation to Create Radically Successful Businesses,Eric Ries,307887898,9780307887894.0,0.0,4.08,Currency,Hardcover,299,2011.0,2011.0,2013/12/14,2013/11/07,,,read,,,https://openlibrary.org/books/OL24982481M/The_Lean_Startup,,
Design Is a Job,Mike Monteiro,1937557049,9781937557041.0,3.0,4.23,A Book Apart,Paperback,135,2012.0,2012.0,2013/12/01,2014/12/08,design,design (#2),read,,https://openlibrary.org/books/OL25420476M/Design_Is_a_Job,https://openlibrary.org/books/OL25420476M/Design_Is_a_Job,,
Dieu en personne,Marc-Antoine Mathieu,2756014877,9782756014876.0,3.0,3.41,Delcourt,Hardcover,123,2009.0,2009.0,2013/09/01,2013/09/08,bd,bd (#4),read,,,,,
The Blue Bottle Craft of Coffee,James Freeman,1607741180,9781607741183.0,3.0,4.13,Ten Speed Press,Hardcover,240,2012.0,2012.0,2013/09/01,2013/02/28,,,,,,,,
How to Stay Sane,Philippa Perry,1447202309,9781447202301.0,4.0,3.74,Pan Publishing,Paperback,160,2012.0,2012.0,2013/08/01,2013/08/22,personal-development,personal-development (#3),read,,https://openlibrary.org/books/OL25327282M/How_to_Stay_Sane,https://openlibrary.org/books/OL25327282M/How_to_Stay_Sane,,
Siddhartha,Hermann Hesse,,,5.0,4.02,Bantam Books,Mass Market Paperback,152,1981.0,1922.0,2013/07/01,2013/07/10,romans, personal-development,romans (#10),personal-development (#2),,,,
Just Kids,Patti Smith,006621131X,9780066211312.0,5.0,4.15,Ecco,Hardcover,304,2010.0,2010.0,2013/06/01,2013/06/08,biography,biography (#4),read,,https://openlibrary.org/books/OL24439040M/Just_kids,https://openlibrary.org/books/OL24439040M/Just_kids,,
Jimmy Corrigan: The Smartest Kid on Earth,Chris Ware,224063979,9780224063975.0,5.0,4.09,Jonathan Cape,Paperback,380,2003.0,2000.0,2013/04/01,2013/03/12,bd,bd (#3),read,,,https://openlibrary.org/books/OL7414588M/Jimmy_Corrigan,,
Les battements du temps,Jean-Claude Ameisen,1020900113,9791020900111.0,4.0,3.98,Les Liens Qui Liberent ,Paperback,444,2012.0,2012.0,2013/02/01,2013/02/17,science,science (#2),read,,,https://openlibrary.org/books/OL25427066M/Sur_les_\u00e9paules_de_Darwin_-_Les_battements_du_temps,,
Asterios Polyp,David Mazzucchelli,307377326,9780307377326.0,4.0,4.19,Pantheon,Hardcover,344,2009.0,2009.0,2013/02/01,2013/01/24,bd,bd (#2),read,,,https://openlibrary.org/books/OL16944442M/Asterios_polyp,,
La Meilleure Façon de manger: Le premier guide alimentaire basé sur la science (guides pratiques) (French Edition),Collectif,,9782916878737.0,5.0,5.0,Thierry Souccar,Kindle Edition,144,2011.0,2011.0,2013/01/01,2014/10/20,science,science (#5),read,,,,,
The Tell-Tale Brain: A Neuroscientist's Quest for What Makes Us Human,V.S. Ramachandran,393077829,9780393077827.0,4.0,4.14,W. W. Norton  Company,Hardcover,384,2011.0,2011.0,2013/01/01,2012/09/10,neurology, science,neurology (#2),science (#1),,https://openlibrary.org/books/OL24548436M/The_Tell-Tale_Brain,,
On the Road,Jack Kerouac,140042598,9780140042597.0,3.0,3.62,Penguin Books,Paperback,307,1976.0,1957.0,2012/08/01,2012/09/10,,,read,,,https://openlibrary.org/books/OL16836533M/On_the_road,,
Musicophilia: Tales of Music and the Brain,Oliver Sacks,676979785,9780676979787.0,5.0,3.91,Knopf Canada,Hardcover,400,2007.0,2007.0,2012/06/01,2012/06/16,music, neurology,music (#1),neurology (#1),,https://openlibrary.org/books/OL9627554M/Musicophilia,,
Ergonomie web: Pour des sites web efficaces,Amélie Boucher,2212124791,9782212124798.0,4.0,3.92,Eyrolles,,455,,2007.0,2012/01/01,2013/12/16,web,web (#4),read,,https://openlibrary.org/books/OL27036990M/Ergonomie_Web,https://openlibrary.org/books/OL27036990M/Ergonomie_Web,,
Ergonomie web illustrée: 60 sites à la loupe,Amélie Boucher,2212126956,9782212126952.0,4.0,4.5,,,,,,2012/01/01,2013/12/16,web,web (#5),read,,,,,
Rocket Surgery Made Easy,Steve Krug,321657292,9780321657299.0,3.0,4.11,New Riders Publishing,Paperback,161,2009.0,2009.0,2012/01/01,2013/12/01,,,read,,,https://openlibrary.org/books/OL25941413M/Rocket_Surgery_Made_Easy,,
The Complete Persepolis,Marjane Satrapi,375714839,9780375714832.0,4.0,4.39,Pantheon Books,Paperback,341,2007.0,2003.0,2012/01/01,2012/01/30,bd,bd (#1),read,,,,,
What I Wish I Knew When I Was 20: A Crash Course on Making Your Place in the World,Tina Seelig,61872490,9780061872495.0,3.0,3.92,HarperOne,ebook,208,2009.0,2009.0,2011/12/01,2011/12/19,entrepreneurship, personal-development,entrepreneurship (#6),personal-development (#1),,https://openlibrary.org/books/OL24274574M/What_I_Wish_I_Knew_When_I_Was_20,,
La chambre claire: Note sur la photographie,Roland Barthes,207020541X,9782070205417.0,4.0,3.97,Gallimard,Hardcover,192,1980.0,1980.0,2011/10/01,2011/10/05,photography,photography (#1),read,,https://openlibrary.org/books/OL4136946M/La_chambre_claire,https://openlibrary.org/books/OL4136946M/La_chambre_claire,,
Getting Real,Jason Fried,578012812,9780578012810.0,4.0,4.0,37signals, LLC,Paperback,194.0,2006.0,2011/09/01,2011/09/05,,entrepreneurship,,,,,,
Blink: The Power of Thinking Without Thinking,Malcolm Gladwell,316010669,9780316010665.0,3.0,3.93,Back Bay Books,Paperback,296,2007.0,2005.0,2011/07/01,2011/07/30,economy,economy (#4),read,,,https://openlibrary.org/books/OL24055710M/Blink,,
The God of Small Things,Arundhati Roy,679457313,9780679457312.0,3.0,3.94,Random House,Hardcover,340,1997.0,1997.0,2011/07/01,2011/07/30,romans,romans (#9),read,,,https://openlibrary.org/books/OL1000299M/The_God_of_Small_Things,,
The Kite Runner,Khaled Hosseini,,,4.0,4.29,Riverhead Books,Paperback,371,2004.0,2003.0,2011/06/01,2011/07/06,romans,romans (#7),read,,,,,
Kafka sur le rivage,Haruki Murakami,226404473X,9782264044730.0,5.0,4.14,10/18,Mass Market Paperback,637,2008.0,2002.0,2011/06/01,2011/07/06,romans,romans (#8),read,,,,,
Your Brain at Work: Strategies for Overcoming Distraction,David Rock,61771295,9780061771293.0,4.0,4.12,Harper Business,Hardcover,246,2009.0,2009.0,2011/05/01,2010/12/13,entrepreneurship,entrepreneurship (#4),,,,,,
A History of Thailand,Chris  Baker,521016479,9780521016476.0,4.0,3.84,Cambridge University Press,Paperback,301,2005.0,2005.0,2011/02/21,2016/05/21,,,read,,,https://openlibrary.org/books/OL22621547M/HISTORY_OF_THAILAND.,,
Don't Make Me Think,Steve Krug,321344758,9780321344755.0,4.0,4.25,New Riders Publishing,Paperback,201,2005.0,2000.0,2011/01/01,2011/12/23,web,web (#3),read,,,https://openlibrary.org/books/OL15976008M/Don't_make_me_think!,,
Rework,Jason Fried,307463745,9780307463746.0,3.0,3.94,Crown Business,Hardcover,279,2010.0,2010.0,2011/01/01,2011/01/06,business, web, marketing, entrepreneurship,,https://openlibrary.org/books/OL24325627M/Rework,,
The Tipping Point,Malcolm Gladwell,316346624,9780316346627.0,4.0,3.97,Back Bay Books,Paperback,301,2002.0,2000.0,2011/01/01,2011/01/06,marketing,marketing (#4),read,,,https://openlibrary.org/books/OL21594367M/The_tipping_point,,
Hector and the Search for Happiness,François Lelord,1615731075,9781615731077.0,3.0,3.48,HighBridge Audio,Audio CD,134,2010.0,2002.0,2010/12/01,2010/12/01,,,read,,,,,
SuperFreakonomics: Global Cooling,Steven D. Levitt,60889578,9780060889579.0,3.0,3.99,William Morrow,Hardcover,270,2009.0,2009.0,2010/11/01,2010/11/08,economy,economy (#2),read,,,,,
The Miracle: The Epic Story of Asia's Quest for Wealth,Michael A. Schuman,61346691,9780061346699.0,4.0,4.2,Harper Business Paperbacks,Paperback,360,2010.0,2009.0,2010/10/01,2010/11/08,economy,economy (#1),read,,,https://openlibrary.org/books/OL24084550M/The_Miracle,,
Les Identités meurtrières,Amin Maalouf,2253150053,9782253150053.0,4.0,3.91,Livre de Poche,Paperback,189,2001.0,1998.0,2010/08/01,2010/11/08,,,read,,https://openlibrary.org/books/OL8888292M/Les_Identit\u00e9s_meurtri\u00e8res,https://openlibrary.org/books/OL8888292M/Les_Identit\u00e9s_meurtri\u00e8res,,
The Gambler,Fyodor Dostoyevsky,,,3.0,3.89,Modern Library,Paperback,188,2003.0,1866.0,2010/07/01,2010/11/08,romans,romans (#3),read,,,,,
Les Jardins de lumière,Amin Maalouf,2253061778,9782253061779.0,4.0,3.83,Livre de Poche,Mass Market Paperback,251,1992.0,1991.0,2010/06/01,2010/11/08,romans,romans (#2),read,,https://openlibrary.org/books/OL23013963M/Les_jardins_de_lumi\u00e8re,https://openlibrary.org/books/OL23013963M/Les_jardins_de_lumi\u00e8re,,
All Marketers Are Liars: The Power of Telling Authentic Stories in a Low-Trust World,Seth Godin,1591841003,9781591841005.0,2.0,3.9,Portfolio,Hardcover,186,2005.0,2005.0,2009/12/01,2010/11/08,marketing, business,marketing (#2),business (#2),https://openlibrary.org/books/OL8858182M/All_Marketers_Are_Liars,https://openlibrary.org/books/OL8858182M/All_Marketers_Are_Liars,,
Monk,Laurent De Wilde,1569247404,9781569247402.0,4.0,3.83,Da Capo Press,Hardcover,224,1997.0,1996.0,2009/11/01,2010/11/08,biography,biography (#2),read,,https://openlibrary.org/books/OL689616M/Monk,https://openlibrary.org/books/OL689616M/Monk,,
The 4-Hour Work Week: Escape 9-5,Timothy Ferriss,786158964,9780786158966.0,3.0,3.88,Blackstone Audiobooks,Audio CD,,2007.0,2007.0,2009/10/01,2010/11/08,business, marketing,,,,,,
To Kill a Mockingbird,Harper Lee,,,5.0,4.27,Harper Perennial Modern Classics,Paperback,324,2006.0,1960.0,2009/09/01,2010/11/08,romans,romans (#1),read,,,,,
Toute La Geographie Du Monde,Jean-Claude Barreau,2253123811,9782253123811.0,3.0,3.48,Livre de Poche,Paperback,405,2009.0,2007.0,2009/01/01,2010/11/08,,,read,,,,,
La vie devant soi, Romain Gary (Émile Ajar),2070425061,9782070425068.0,4.0,4.37,Gallimard,Paperback,246,2005.0,2005.0,2009/01/01,2010/11/08,,,read,,,,,
Toute l'histoire du monde,Jean-Claude Barreau,2253118605,9782253118602.0,4.0,3.21,Livre de Poche,Mass Market Paperback,412,2007.0,2005.0,2009/01/01,2010/11/08,history,history (#1),read,,https://openlibrary.org/books/OL26116351M/Toute_Lhistoire_Du_Monde_De_La_Prhistoire_Nos_Jours,https://openlibrary.org/books/OL26116351M/Toute_Lhistoire_Du_Monde_De_La_Prhistoire_Nos_Jours,,
L'Éducation d'une fée,Didier van Cauwelaert,2253153265,9782253153269.0,4.0,3.69,Albin Michel,Paperback,221,2005.0,2000.0,2009/01/01,2010/11/08,,,read,,https://openlibrary.org/books/OL22071849M/L'_e\u0301ducation_d'une_fe\u0301e,https://openlibrary.org/books/OL22071849M/L'_e\u0301ducation_d'une_fe\u0301e,,
A Son of the Circus,John Irving,345915623,9780345915627.0,3.0,3.63,Ballantine Books,Paperback,680,,1994.0,2009/01/01,2010/11/08,,,read,,,https://openlibrary.org/books/OL10686509M/A_Son_of_the_Circus,,
Open Veins of Latin America: Five Centuries of the Pillage of a Continent,Eduardo Galeano,853459916,9780853459910.0,0.0,4.26,Monthly Review Press,Paperback,285,1997.0,1971.0,2008/08/23,2014/12/23,,,read,,,https://openlibrary.org/books/OL697213M/Open_veins_of_Latin_America,,
The Basketball Diaries,Jim Carroll,,,4.0,3.95,Penguin Books/Penguin Group (USA) Inc.,Paperback,224,1995.0,1978.0,2008/01/01,2012/06/20,,,read,,,,,
Boris Vian,Claire Julliard,2070319636,9782070319633.0,3.0,3.77,Gallimard Education,Mass Market Paperback,369,2007.0,2007.0,2008/01/01,2010/11/08,biography,biography (#1),read,,https://openlibrary.org/books/OL26577750M/Boris_Vian,https://openlibrary.org/books/OL26577750M/Boris_Vian,,
L'apprentissage Du Bonheur: Principes,Tal Ben-Shahar,2714444202,9782714444202.0,3.0,3.85,Belfond,,246,2008.0,2007.0,2008/01/01,2010/11/08,,,read,,,,,
La grande désillusion,Joseph E. Stiglitz,2253155381,9782253155386.0,4.0,3.86,Livre de Poche,Mass Market Paperback,407,2003.0,2002.0,2008/01/01,2010/11/08,economy,economy (#3),read,,https://openlibrary.org/books/OL26032064M/La_Grande_Dsillusion_Traduit_De_Langlais_Amricain_Par_Paul_Chemla,https://openlibrary.org/books/OL26032064M/La_Grande_Dsillusion_Traduit_De_Langlais_Amricain_Par_Paul_Chemla,,
The World According to Garp,John Irving,345915593,9780345915597.0,5.0,4.08,Ballantine Books,Hardcover,610,1999.0,1978.0,2008/01/01,2010/11/08,,,read,,,,,
Et on tuera tous les affreux ,Boris Vian,,,3.0,3.65,Pauvert,Mass Market Paperback,222,1999.0,1948.0,2008/01/01,2010/11/08,romans,romans (#5),read,,,,,
L'herbe rouge - roman / Les lurettes fourrées - nouvelles,Boris Vian,2720201626,9782720201622.0,3.0,3.95,Pauvert,,217,1981.0,,2008/01/01,2010/11/08,,,read,,,,,
Un aller simple,Didier van Cauwelaert,3150091098,9783150091098.0,3.0,3.29,Reclam, Ditzingen,Paperback,227.0,2003.0,2008/01/01,2010/11/08,,romans,romans (#6),read,https://openlibrary.org/books/OL9019040M/Un_aller_simple.,https://openlibrary.org/books/OL9019040M/Un_aller_simple.,,
Une brève histoire de l'avenir,Jacques Attali,2213631301,9782213631301.0,4.0,3.67,Fayard,Paperback,422,2006.0,2006.0,2007/01/01,2014/10/18,economy,economy (#5),read,,https://openlibrary.org/books/OL22238209M/Une_br\u00e8ve_histoire_de_l'avenir,https://openlibrary.org/books/OL22238209M/Une_br\u00e8ve_histoire_de_l'avenir,,
Si C'est Un Homme,Primo Levi,2221097068,9782221097069.0,0.0,4.32,Robert Laffont,Paperback,301,2002.0,1947.0,2007/01/01,2011/03/23,biography, history,biography (#3),history (#2),,,,
80 Hommes Pour Changer Le Monde,Sylvain Darnil,2253118257,9782253118251.0,4.0,4.28,Le Livre de Poche,Paperback,316,2006.0,2005.0,2007/01/01,2011/01/06,business, entrepreneurship, sustainable-development,business (#4),https://openlibrary.org/books/OL26080170M/80_Hommes_Pour_Changer_Le_Monde_Entreprendre_Pour_La_Plante,https://openlibrary.org/books/OL26080170M/80_Hommes_Pour_Changer_Le_Monde_Entreprendre_Pour_La_Plante,,
L'Odyssée du Jazz,Noël Balen,2867463254,9782867463259.0,5.0,4.25,Liana Lévi,Paperback,768,2003.0,1993.0,2007/01/01,2010/11/08,,,read,,https://openlibrary.org/books/OL8985383M/L'Odyss\u00e9e_du_Jazz,https://openlibrary.org/books/OL8985383M/L'Odyss\u00e9e_du_Jazz,,
Si c'est un homme,Primo Levi,1147701903,9781147701906.0,5.0,3.95,Nabu Press,Paperback,78,2010.0,1882.0,2006/01/12,2016/01/11,,,read,,,,,
Qu'est-ce qu'une nation? ,Ernest Renan,1147701903,9781147701906.0,5.0,3.95,Nabu Press,Paperback,78,2010.0,1882.0,2006/01/12,2016/01/11,,,read,,,,,
Utopia,Thomas More,140449108,9780140449105.0,4.0,3.53,Penguin Classics,Paperback,135,2003.0,1516.0,2006/01/01,2013/08/23,,,read,,,https://openlibrary.org/books/OL3701479M/Utopia,,
L'Écume des jours,Boris Vian,2253140872,9782253140870.0,5.0,4.0,Le Livre de Poche,Paperback,351,1997.0,1947.0,2006/01/01,2010/11/08,romans,romans (#4),read,,https://openlibrary.org/books/OL8888101M/L'Ecume_Des_Jours,https://openlibrary.org/books/OL8888101M/L'Ecume_Des_Jours,,
L'étranger,Albert Camus,2130450849,9782130450849.0,4.0,3.98,Presses universitaires de France,Unknown Binding,126,1993.0,1942.0,2006/01/01,2010/11/08,,,read,,https://openlibrary.org/books/OL838440M/Albert_Camus_L'e\u0301tranger,https://openlibrary.org/books/OL838440M/Albert_Camus_L'e\u0301tranger,,
Les Thanatonautes,Bernard Werber,225313922X,9782253139225.0,4.0,4.04,Le Livre de Poche,Mass Market Paperback,502,1996.0,1994.0,2002/07/27,2016/07/27,,,read,,https://openlibrary.org/books/OL25882464M/Les_Thanatonautes,https://openlibrary.org/books/OL25882464M/Les_Thanatonautes,,
A Very Short History of Portugal,A.H. de Oliveira Marques,,9789896714208.0,0.0,3.63,Tinta da China,Paperback,245,2018.0,1995.0,,2020/03/10,to-read,to-read (#108),to-read,,,,,
Reinventing Organizations: A Guide to Creating Organizations Inspired by the Next Stage of Human Consciousness,Frederic Laloux,,,0.0,4.31,Nelson Parker,Kindle Edition,382,2014.0,2014.0,,2019/12/27,to-read,to-read (#106),to-read,,,,,
Montessori pour les tout petits : L'éducation commence dès la naissance,Paula Polk Lillard,,,0.0,3.86,Marabout,Kindle Edition,263,2017.0,2003.0,,2019/12/19,not-finished,currently-reading (#6),not-finished,,,,,
Good Talk: A Memoir in Conversations,Mira Jacob,039958904X,9780399589041.0,0.0,4.47,One World,Hardcover,349,2019.0,2019.0,,2019/12/09,to-read,to-read (#105),to-read,,https://openlibrary.org/books/OL27344752M/Good_Talk,https://openlibrary.org/books/OL27344752M/Good_Talk,,
Rusty Brown,Chris Ware,224078135,9780224078139.0,0.0,4.31,Jonathan Cape,Hardcover,356,2019.0,2019.0,,2019/12/09,to-read,to-read (#104),to-read,,,,,
Libérées !,Titiou Lecoq,,9782213705347.0,0.0,4.34,Fayard,ebook,260,2017.0,2017.0,,2019/10/19,to-read,to-read (#103),to-read,,,,,
Le Gourmet solitaire,Jirō Taniguchi,2203373342,9782203373341.0,0.0,3.92,Casterman,Paperback,200,2005.0,1997.0,,2019/07/15,to-read,to-read (#102),to-read,,,,,
Upgrade Your Teaching: Understanding by Design Meets Neuroscience,Jay McTighe,1416627340,9781416627340.0,0.0,3.76,ASCD,Paperback,186,2019.0,,,2019/05/14,to-read,to-read (#101),to-read,,https://openlibrary.org/books/OL27338228M/Upgrade_Your_Teaching,https://openlibrary.org/books/OL27338228M/Upgrade_Your_Teaching,,
Génocides tropicaux : Catastrophes naturelles et famines coloniales (1870-1900) Aux origines du sous-développement,Mike  Davis,2707148857,9782707148858.0,0.0,4.11,Editions La Découverte,Paperback,479,2006.0,2000.0,,2019/05/04,to-read,to-read (#99),to-read,,,,,
Making Websites Win: Apply the Customer-Centric Methodology That Has Doubled the Sales of Many Leading Websites,Karl Blanks,154450053X,9781544500539.0,0.0,4.43,Conversion Rate Experts,Hardcover,351,2018.0,,,2019/05/02,to-read,to-read (#98),to-read,,,,,
The Minard System: The Complete Statistical Graphics of Charles-Joseph Minard,Sandra Rendgen,1616896337,9781616896331.0,0.0,4.58,Princeton Architectural Press,Hardcover,176,2018.0,,,2019/04/26,to-read,to-read (#97),to-read,,,,,
L'Invention Du Vide,Nicolas Debon,220506701X,9782205067019.0,0.0,3.43,Dargaud,Hardcover,79,2012.0,2012.0,,2019/04/25,to-read,to-read (#96),to-read,,,,,
The Essential Writings of Ralph Waldo Emerson,Ralph Waldo Emerson,679783229,9780679783220.0,0.0,4.36,Modern Library,Paperback,880,2000.0,1983.0,,2019/04/04,to-read,to-read (#95),to-read,,,https://openlibrary.org/books/OL6785909M/The_essential_writings_of_Ralph_Waldo_Emerson,,
My Favorite Thing Is Monsters,Vol. 2 (My Favorite Thing Is Monsters,168396019X,9781683960195.0,0.0,4.27,Fantagraphics,Paperback,304,2020.0,2020.0,,2019/03/31,to-read,to-read (#94),to-read,,,,,
Ecologie intégrale : Le manifeste,Delphine Batho,,,0.0,3.33,Editions du Rocher,Kindle Edition,71,2019.0,,,2019/03/31,to-read,to-read (#93),to-read,,,,,
Swell: Sailing the Pacific in Search of Surf and Self,Liz  Clark,193834054X,9781938340543.0,0.0,4.42,Patagonia,Hardcover,320,2018.0,2018.0,,2019/02/17,to-read,to-read (#91),to-read,,https://openlibrary.org/books/OL26954413M/Swell,https://openlibrary.org/books/OL26954413M/Swell,,
Moi ce que j’aime c’est les monstres,Emil Ferris,2896943730,9782896943739.0,0.0,4.18,Alto,Paperback,420,2018.0,2017.0,,2019/01/15,not-finished,currently-reading (#5),,,,,,
L’utopie : mode d’emploi pour libérer l’inspiration convaincre et modifier les comportements,Sandrine Roudaut,,,0.0,0.0,La mer salée,Kindle Edition,296,2014.0,,,2018/12/28,to-read,to-read (#88),to-read,,,,,
The Transition Handbook: From Oil Dependency to Local Resilience,Rob Hopkins,1900322188,9781900322188.0,0.0,4.01,Green Books,Paperback,224,2008.0,2008.0,,2018/12/16,to-read,to-read (#87),to-read,,https://openlibrary.org/books/OL17017108M/The_Transition_Handbook,https://openlibrary.org/books/OL17017108M/The_Transition_Handbook,,
The Push: A Climber's Journey of Endurance,Tommy Caldwell,1405924748,9781405924740.0,0.0,4.48,Penguin,Paperback,464,2018.0,2017.0,,2018/12/09,to-read,to-read (#85),to-read,,,,,
Raising An Emotionally Intelligent Child,John M. Gottman,684838656,9780684838656.0,0.0,4.14,Simon  Schuster,Paperback,240,1998.0,1997.0,,2018/12/09,to-read,to-read (#86),to-read,,,https://openlibrary.org/books/OL24773655M/Raising_an_emotionally_intelligent_child,,
Permaculture: Principles & Pathways Beyond Sustainability,David Holmgren,646418440,9780646418445.0,0.0,4.13,Holmgren Design Services,Paperback,286,2002.0,2002.0,,2018/11/30,to-read,to-read (#84),to-read,,,https://openlibrary.org/books/OL3754011M/Permaculture,,
Permaculture: A Designers' Manual,Bill Mollison,908228015,9780908228010.0,0.0,4.47,Tagari Publications,Hardcover,574,1988.0,1988.0,,2018/11/30,to-read,to-read (#83),to-read,,,https://openlibrary.org/books/OL18016824M/Permaculture,,
L'entraide: L'autre loi de la jungle,Pablo Servigne,,9791020904508.0,0.0,4.09,Éditions Les Liens qui libèrent,Kindle Edition,224,2017.0,,,2018/11/29,to-read,to-read (#82),to-read,,,,,
Stand Out of Our Light: Freedom and Resistance in the Attention Economy,James Williams,110845299X,9781108452991.0,0.0,4.14,Cambridge University Press,Paperback,144,2018.0,,,2018/11/18,to-read,to-read (#81),to-read,,https://openlibrary.org/books/OL27043379M/Stand_Out_of_Our_Light,https://openlibrary.org/books/OL27043379M/Stand_Out_of_Our_Light,,
Man's Search for Meaning,Viktor E. Frankl,080701429X,9780807014295.0,0.0,4.36,Beacon Press,Paperback,165,2006.0,1946.0,,2018/11/12,to-read,to-read (#80),to-read,,https://openlibrary.org/books/OL7944581M/Man's_Search_for_Meaning,https://openlibrary.org/books/OL7944581M/Man's_Search_for_Meaning,,
The Science of Meditation: How to Change Your Brain,Daniel Goleman,241975697,9780241975695.0,0.0,3.9,Penguin Life,Paperback,340,2018.0,2017.0,,2018/11/09,not-finished,to-read (#79),not-finished,,,,,
How Not to Die: Discover the Foods Scientifically Proven to Prevent and Reverse Disease,Michael Greger,1250066115,9781250066114.0,0.0,4.52,Flatiron Books,Hardcover,576,2015.0,2015.0,,2018/10/24,to-read,to-read (#77),to-read,,https://openlibrary.org/books/OL25894601M/How_Not_to_Die,https://openlibrary.org/books/OL25894601M/How_Not_to_Die,,
Mindfulness in Plain English,Henepola Gunaratana,861713214,9780861713219.0,0.0,4.22,Wisdom Publications,Paperback,208,1996.0,1992.0,,2018/10/24,to-read,to-read (#78),to-read,,,https://openlibrary.org/books/OL18137942M/Mindfulness_in_plain_English,,
Practical Statistics for Data Scientists: 50 Essential Concepts,Peter Bruce,1491952962,9781491952962.0,0.0,4.03,O'Reilly Media,Paperback,318,2017.0,,,2018/10/23,to-read,to-read (#76),to-read,,https://openlibrary.org/books/OL26836530M/Practical_Statistics_for_Data_Scientists_50_Essential_Concepts,https://openlibrary.org/books/OL26836530M/Practical_Statistics_for_Data_Scientists_50_Essential_Concepts,,
Comment Leur Dire ...: La Process Communication,Gérard Collignon,2100490133,9782100490134.0,0.0,3.89,InterEditions,,204,2005.0,2005.0,,2018/09/14,to-read,to-read (#75),to-read,,,,,
Night Sky: Northern Hemisphere,Storm Dunlop,,9780007785377.0,0.0,3.8,Collins,Paperback,251,2008.0,2008.0,,2018/09/06,to-read,to-read (#74),to-read,,,,,
A History of Western Philosophy,Bertrand Russell,671201581,9780671201586.0,0.0,4.08,Simon & Schuster,Paperback,906,1986.0,1945.0,,2018/07/15,to-read,to-read (#73),to-read,,,https://openlibrary.org/books/OL18162408M/A_history_of_western_philosophy,,
How to Change Your Mind: What the New Science of Psychedelics Teaches Us About Consciousness,Michael Pollan,241294223,9780241294222.0,0.0,4.27,Allen Lane,,480,2018.0,2018.0,,2018/06/10,not-finished,not-finished,to-read,,,,,
The Almost Nearly Perfect People: Behind the Myth of the Scandinavian Utopia,Michael Booth,224089625,9780224089623.0,0.0,3.87,Jonathan Cape,Paperback,416,2014.0,2014.0,,2018/05/13,to-read,to-read (#72),to-read,,,,,
Coders at Work: Reflections on the Craft of Programming,Peter Seibel,1430219483,9781430219484.0,0.0,3.93,Apress,Paperback,632,2009.0,2009.0,,2018/05/13,to-read,to-read (#71),to-read,,https://openlibrary.org/books/OL25111541M/Coders_at_work,https://openlibrary.org/books/OL25111541M/Coders_at_work,,
Quiet Leadership: Six Steps to Transforming Performance at Work,David Rock,60835915,9780060835910.0,0.0,3.96,Harper Business,Paperback,288,2007.0,2006.0,,2018/03/24,to-read,to-read (#69),to-read,,,https://openlibrary.org/books/OL7282729M/Quiet_Leadership,,
Let My People Go Surfing: The Education of a Reluctant Businessman,Yvon Chouinard,143037838,9780143037835.0,0.0,4.22,Penguin Books,Paperback,272,2006.0,2005.0,,2018/03/24,to-read,to-read (#70),to-read,,,https://openlibrary.org/books/OL7361668M/Let_My_People_Go_Surfing,,
La cinquième discipline: Levier des organisations apprenantes - Plus d'1 million d'exemplaires vendus,Peter M. Senge,,,0.0,3.91,Eyrolles,Kindle Edition,296,2015.0,1990.0,,2018/02/15,to-read,to-read (#68),to-read,,,,,
The River of Consciousness,Oliver Sacks,385352565,9780385352567.0,0.0,3.9,Knopf Publishing Group,Hardcover,256,2017.0,2017.0,,2017/12/11,to-read,to-read (#67),to-read,,,https://openlibrary.org/books/OL26929878M/The_river_of_consciousness,,
WTF?: What's the Future and Why It's Up to Us,Tim O'Reilly,62565710,9780062565716.0,0.0,4.12,Harper Business,Hardcover,448,2017.0,2017.0,,2017/11/04,to-read,to-read (#66),to-read,,,https://openlibrary.org/books/OL26935327M/WTF,,
Flow: The Psychology of Optimal Experience,Mihaly Csikszentmihalyi,61339202,9780061339202.0,0.0,4.11,Harper Perennial Modern Classics,Paperback,303,2008.0,1990.0,,2017/09/17,to-read,to-read (#65),to-read,,,https://openlibrary.org/books/OL7289945M/Flow,,
Botanicum (Welcome to the Museum),Katie Scott,1783703946,9781783703944.0,0.0,4.58,Big Picture Press,Hardcover,112,2016.0,,,2017/08/05,to-read,to-read (#64),to-read,,,,,
The Jazz of Physics: The Secret Link Between Music and the Structure of the Universe,Stephon Alexander,465034993,9780465034994.0,0.0,3.55,Basic Books,Hardcover,272,2016.0,2016.0,,2017/07/21,to-read,to-read (#63),to-read,,,https://openlibrary.org/books/OL27208564M/The_jazz_of_physics,,
33 Newport Street : autobiographie d'un intellectuel issu des classes populaires anglaises,Richard Hoggart,,,0.0,3.67,Points,Paperback,371,1991.0,1991.0,,2017/07/16,to-read,to-read (#62),to-read,,,,,
Vous n'aurez pas ma haine,Antoine Leiris,,,0.0,4.3,Fayard,ebook,65,2016.0,2016.0,,2017/05/30,to-read,to-read (#61),to-read,,,,,
The Phoenix Project: A Novel About IT, DevOps,988262592,9780988262591.0,0.0,4.27,IT Revolution Press,Hardcover,345,2013.0,2013.0,,2017/05/22,to-read,to-read (#60),to-read,,,,,
A Mathematics Course for Political and Social Research,Will H. Moore,691159173,9780691159171.0,0.0,4.32,Princeton University Press,Paperback,430,2013.0,2013.0,,2017/05/15,to-read,to-read (#59),to-read,,,https://openlibrary.org/books/OL26088967M/A_Mathematics_Course_For_Political_And_Social_Research,,
Creating a Data-Driven Organization: Practical Advice from the Trenches,Carl  Anderson,,,0.0,3.93,O'Reilly Media,Kindle Edition,304,2015.0,2015.0,,2017/04/25,to-read,to-read (#58),to-read,,,,,
Là où se termine la terre,Chili 1948-1970,Désirée Frappier,,5.0,5.0,4.21,Éditions Steinkis ,,260.0,2017.0,,2017/03/27,2017/03/21,,,read,,,,
La vie sans mode d'emploi,Désirée Frappier,9791090566,,0.0,3.8,Éditions du Mauconduit,,175,2014.0,2014.0,,2017/03/27,to-read,to-read (#57),to-read,,,,,
Le Bureau des jardins et des étangs,Didier Decoin,2234074754,9782234074750.0,0.0,3.51,Stock,Hardcover,396,2017.0,2017.0,,2017/03/21,to-read,to-read (#56),to-read,,,,,
Escalade Et Performancepréparation Et Entraînement,Laurence Guyon,2851806556,9782851806550.0,0.0,2.0,Ed. Amphora,,351,2004.0,2004.0,,2017/03/05,not-finished,currently-reading (#2),,,https://openlibrary.org/books/OL26723785M/Escalade_et_performance_Pr\u00e9paration_et_entra\u00eenement,https://openlibrary.org/books/OL26723785M/Escalade_et_performance_Pr\u00e9paration_et_entra\u00eenement,,
9 Out of 10 Climbers Make the Same Mistakes,Dave MacLeod,095642810X,9780956428103.0,0.0,3.99,Rare Breed Productions,Paperback,176,2009.0,2009.0,,2017/02/27,to-read,to-read (#55),to-read,,https://openlibrary.org/books/OL26093758M/9_Out_Of_10_Climbers_Make_The_Same_Mistakes_Navigation_Through_The_Maze_Of_Advice_For_Selfcoached_Cl,https://openlibrary.org/books/OL26093758M/9_Out_Of_10_Climbers_Make_The_Same_Mistakes_Navigation_Through_The_Maze_Of_Advice_For_Selfcoached_Cl,,
L'autoroute Du Soleil,Baru,2203372362,9782203372368.0,0.0,3.64,Casterman,,237,2002.0,2002.0,,2017/02/18,to-read,to-read (#54),to-read,,https://openlibrary.org/books/OL17135410M/L'_autoroute_du_soleil,,,
Automate the Boring Stuff with Python: Practical Programming for Total Beginners,Al Sweigart,1593275994,9781593275990.0,0.0,4.26,No Starch Press,Paperback,479,2015.0,2014.0,,2017/02/10,not-finished,currently-reading (#1),currently-reading,,https://openlibrary.org/books/OL25763874M/Automate_the_Boring_Stuff_with_Python,https://openlibrary.org/books/OL25763874M/Automate_the_Boring_Stuff_with_Python,,
The Penguin Guide to Jazz Recordings,Richard Cook,141023279,9780141023274.0,0.0,4.44,Penguin Books,Paperback,1548,2006.0,1992.0,,2017/02/06,to-read,to-read (#53),to-read,,,https://openlibrary.org/books/OL17238144M/The_Penguin_guide_to_jazz_recordings,,
Mindsight: The New Science of Personal Transformation,Daniel J. Siegel,553804707,9780553804706.0,0.0,4.14,Bantam,Hardcover,314,2010.0,2009.0,,2017/01/23,to-read,to-read (#51),to-read,,,https://openlibrary.org/books/OL24044455M/Mindsight,,
Coaching with the Brain in Mind: Foundations for Practice,David Rock,470405686,9780470405680.0,0.0,4.1,Wiley,Hardcover,511,2009.0,2009.0,,2017/01/23,to-read,to-read (#50),to-read,,,https://openlibrary.org/books/OL23191869M/Coaching_with_the_brain_in_mind,,
Je médite jour après jour: Petit manuel pour vivre en pleine conscience,Christophe André,,,0.0,4.41,Iconoclaste,Kindle Edition,,2015.0,2015.0,,2017/01/16,to-read,to-read (#49),to-read,,,,,
Dear Data,Giorgia Lupi,,,0.0,4.21,Particular Books,Paperback,289,2016.0,2016.0,,2016/09/09,to-read,to-read (#47),to-read,,,,,
Uncharted: Big Data and an Emerging Science of Human History,Erez Aiden,1594487456,9781594487453.0,0.0,3.73,Riverhead Hardcover,Hardcover,256,2013.0,2013.0,,2016/09/09,to-read,to-read (#46),to-read,,https://openlibrary.org/books/OL25607923M/UNCHARTED,https://openlibrary.org/books/OL25607923M/UNCHARTED,,
The Ongoing Moment,Geoff Dyer,1400031680,9781400031689.0,0.0,3.99,Vintage,Paperback,304,2007.0,2005.0,,2016/08/23,to-read,to-read (#43),to-read,,https://openlibrary.org/books/OL8362694M/The_Ongoing_Moment,https://openlibrary.org/books/OL8362694M/The_Ongoing_Moment,,
But Beautiful: A Book About Jazz,Geoff Dyer,865475083,9780865475083.0,0.0,4.25,North Point Press,Paperback,240,1997.0,1991.0,,2016/08/23,to-read,to-read (#44),to-read,,,https://openlibrary.org/books/OL8317223M/But_Beautiful,,
The Incarnations,Susan  Barker,1501106783,9781501106781.0,0.0,3.76,Touchstone,Hardcover,371,2015.0,2014.0,,2016/08/22,to-read,to-read (#39),to-read,,https://openlibrary.org/books/OL27185735M/The_incarnations,https://openlibrary.org/books/OL27185735M/The_incarnations,,
Important Artifacts and Personal Property from the Collection of Lenore Doolan and Harold Morris,Leanne Shapton,374175306,9780374175306.0,0.0,3.89,Sarah Crichton Books,Paperback,129,2009.0,2009.0,,2016/08/22,to-read,,,,,,,
Middlesex,Jeffrey Eugenides,312422156,9780312422158.0,0.0,4.0,Picador USA,Paperback,529,2003.0,2002.0,,2016/08/22,to-read,to-read (#41),to-read,,,https://openlibrary.org/books/OL18261476M/Middlesex,,
The Poisonwood Bible,Barbara Kingsolver,60786507,9780060786502.0,0.0,4.06,Harper Perennial Modern Classics,Hardcover,546,2005.0,1998.0,,2016/08/22,to-read,to-read (#40),to-read,,,https://openlibrary.org/books/OL7281732M/The_Poisonwood_Bible,,
Ivresse de la métamorphose,Stefan Zweig,2253064602,9782253064602.0,0.0,4.04,Le Livre de Poche,Mass Market Paperback,349,1994.0,1982.0,,2016/06/22,to-read,to-read (#38),to-read,,https://openlibrary.org/books/OL8887826M/Ivresse_de_la_m\u00e9tamorphose,https://openlibrary.org/books/OL8887826M/Ivresse_de_la_m\u00e9tamorphose,,
A People's History of the United States,Howard Zinn,60838655,9780060838652.0,0.0,4.08,Harper Perennial,Paperback,729,2005.0,1980.0,,2016/03/26,to-read,to-read (#37),to-read,,,https://openlibrary.org/books/OL20946112M/A_People\u2019s_History_of_the_United_States,,
The Truthful Art: Data,Alberto Cairo,321934075,9780321934079.0,0.0,4.28,New Riders Publishing,Paperback,400,2016.0,2016.0,,2016/03/11,to-read,to-read (#36),to-read,,,,,
Unflattening,Nick Sousanis,674744438,9780674744431.0,0.0,4.08,Harvard University Press,Paperback,208,2015.0,2015.0,,2016/03/11,to-read,to-read (#35),to-read,,,https://openlibrary.org/books/OL26497287M/Unflattening_https_translate.google.com.co_translate_hl_es_sl_en_u_https_www.comicsgrid.com_articles,,
Zero to One: Notes on Startups,Peter Thiel,804139296,9780804139298.0,0.0,4.17,Crown Business,Hardcover,195,2014.0,2014.0,,2016/03/05,to-read,to-read (#34),to-read,,,,,
Things Hidden Since the Foundation of the World,René Girard,804722153,9780804722155.0,0.0,4.31,Stanford University Press,Paperback,480,1987.0,1978.0,,2016/02/01,to-read,to-read (#33),to-read,,,,,
Violence and the Sacred,René Girard,801822181,9780801822186.0,0.0,4.13,Johns Hopkins University Press,Paperback,352,1979.0,1972.0,,2016/02/01,to-read,to-read (#32),to-read,,,https://openlibrary.org/books/OL16605877M/Violence_and_the_sacred,,
Data Analysis with Open Source Tools: A Hands-On Guide for Programmers and Data Scientists,Philipp K. Janert,596802358,9780596802356.0,0.0,4.07,O'Reilly Media,Paperback,509,2010.0,2010.0,,2016/01/31,to-read,to-read (#31),to-read,,,https://openlibrary.org/books/OL25882779M/Data_Analysis_with_Open_Source_Tools,,
In Pursuit of the Unknown: 17 Equations That Changed the World,Ian Stewart,465029736,9780465029730.0,0.0,3.98,Basic Books,Hardcover,352,2012.0,1996.0,,2016/01/31,to-read,to-read (#30),to-read,,,https://openlibrary.org/books/OL25339436M/In_pursuit_of_the_unknown,,
Notre univers mathématique : En quête de la nature ultime du Réel (Quai des Sciences),Max  Tegmark,,,0.0,4.16,Dunod,Kindle Edition,,2014.0,2012.0,,2016/01/23,to-read,to-read (#29),to-read,,,,,
Is God a Mathematician?,Mario Livio,074329405X,9780743294058.0,0.0,3.82,Simon & Schuster,Hardcover,320,2009.0,2009.0,,2016/01/23,to-read,to-read (#28),to-read,,https://openlibrary.org/books/OL22659193M/Is_God_a_mathematician,https://openlibrary.org/books/OL22659193M/Is_God_a_mathematician,,
Data for the Public Good,Alex  Howard,1449329713,9781449329716.0,0.0,3.4,O'Reilly,ebook,22,2012.0,2012.0,,2015/10/24,to-read,to-read (#27),to-read,,,,,
Sapiens: A Brief History of Humankind,Yuval Noah Harari,,,0.0,4.44,Harvill Secker,Paperback,498,2014.0,2011.0,,2015/10/11,to-read,to-read (#25),to-read,,,,,
Feeling Good: The New Mood Therapy,David D. Burns,380810336,9780380810338.0,0.0,4.01,Harper,Mass Market Paperback,736,2008.0,1980.0,,2015/10/11,to-read,to-read (#26),to-read,,,https://openlibrary.org/books/OL19020654M/Feeling_good,,
How Not to Be Wrong: The Power of Mathematical Thinking,Jordan Ellenberg,1594205221,9781594205224.0,0.0,3.96,Penguin Press,Hardcover,480,2014.0,2014.0,,2015/08/26,to-read,to-read (#23),to-read,,https://openlibrary.org/books/OL25631993M/How_not_to_be_wrong,https://openlibrary.org/books/OL25631993M/How_not_to_be_wrong,,
Naked Statistics: Stripping the Dread from the Data,Charles Wheelan,039334777X,9780393347777.0,0.0,3.93,W. W. Norton  Company,Paperback,282,2014.0,2012.0,,2015/08/26,not-finished,to-read (#22),to-read,,https://openlibrary.org/books/OL27305987M/Naked_Statistics_Stripping_the_Dread_from_the_Data,https://openlibrary.org/books/OL27305987M/Naked_Statistics_Stripping_the_Dread_from_the_Data,,
Statistics Unplugged 3rd (Third) Edition BYCaldwell,Sally Caldwell,,,0.0,3.8,Wadsworth Publishing,Paperback,,,,,2015/08/26,to-read,to-read (#24),to-read,,,,,
Et La Lumière Fut,Jacques Lusseyran,2866456641,9782866456641.0,0.0,4.18,Editions du Félin,Paperback,282,2008.0,1963.0,,2015/08/15,to-read,to-read (#21),to-read,,,,,
The Art of Loving,Erich Fromm,61129739,9780061129735.0,0.0,4.04,Harper Perennial Modern Classics,Paperback,192,2019.0,1956.0,,2015/05/13,to-read,to-read (#20),to-read,,,https://openlibrary.org/books/OL7288391M/The_Art_of_Loving,,
Waking Up: A Guide to Spirituality Without Religion,Sam Harris,1451636016,9781451636017.0,0.0,3.92,Simon  Schuster,Hardcover,256,2014.0,2014.0,,2015/05/06,to-read,to-read (#19),to-read,,https://openlibrary.org/books/OL25638260M/Waking_Up,https://openlibrary.org/books/OL25638260M/Waking_Up,,
Small Is Beautiful: Economics as if People Mattered,Ernst F. Schumacher,60916303,9780060916305.0,0.0,4.11,Harper Perennial,Paperback,352,1989.0,1973.0,,2015/03/07,to-read,to-read (#18),to-read,,,https://openlibrary.org/books/OL21139476M/Small_is_beautiful,,
Processing: A Programming Handbook for Visual Designers and Artists,Casey Reas,262182629,9780262182621.0,0.0,4.15,MIT Press (MA),Hardcover,710,2007.0,2007.0,,2015/01/06,to-read,to-read (#17),to-read,,,https://openlibrary.org/books/OL9765997M/Processing,,
How Will You Measure Your Life?,Clayton M. Christensen,62102427,9780062102423.0,0.0,4.07,Harper Business,ebook,240,2012.0,2012.0,,2015/01/05,to-read,to-read (#16),to-read,,,,,
Einstein's Dreams,Alan Lightman,140007780X,9781400077809.0,0.0,4.07,Vintage,Paperback,144,2004.0,1992.0,,2014/12/29,to-read,to-read (#15),to-read,,https://openlibrary.org/books/OL3321819M/Einstein's_dreams,https://openlibrary.org/books/OL3321819M/Einstein's_dreams,,
On a Beam of Light: A Story of Albert Einstein,Jennifer  Berne,811872351,9780811872355.0,0.0,4.22,Chronicle Books,Hardcover,56,2013.0,2013.0,,2014/11/10,to-read,to-read (#13),to-read,,,https://openlibrary.org/books/OL24822859M/On_a_beam_of_light,,
Pablo Neruda: Poet of the People,Monica Brown,080509198X,9780805091984.0,0.0,4.14,Henry Holt and Co. (BYR),Hardcover,32,2011.0,2011.0,,2014/11/10,to-read,to-read (#12),to-read,,https://openlibrary.org/books/OL24538956M/Pablo_Neruda,https://openlibrary.org/books/OL24538956M/Pablo_Neruda,,
Selected Poems,Pablo Neruda,613365771,9780613365772.0,0.0,4.39,,,508,,1949.0,,2014/11/10,to-read,to-read (#14),to-read,,,https://openlibrary.org/books/OL9318486M/Pablo_Neruda,,
Brain Rules: 12 Principles for Surviving and Thriving at Work,John Medina,979777704,9780979777707.0,0.0,4.02,Pear Press,Hardcover,301,2008.0,2008.0,,2014/11/01,to-read,to-read (#11),to-read,,,,,
Turing: Pioneer of the Information Age,B. Jack Copeland,199639795,9780199639793.0,0.0,3.78,Oxford University Press (UK),Hardcover,300,2013.0,2012.0,,2014/09/11,to-read,to-read (#10),to-read,,,https://openlibrary.org/books/OL27143875M/Turing,,
Proust and the Squid: The Story and Science of the Reading Brain,Maryanne Wolf,60186399,9780060186395.0,0.0,3.81,Harper,Hardcover,308,2007.0,2007.0,,2014/05/20,to-read,to-read (#9),to-read,,,https://openlibrary.org/books/OL22765762M/Proust_and_the_squid,,
The Pleasures and Sorrows of Work,Alain de Botton,037542444X,9780375424441.0,0.0,3.62,Pantheon,Hardcover,336,2009.0,2008.0,,2013/08/22,to-read,to-read (#8),to-read,,https://openlibrary.org/books/OL25447365M/The_Pleasures_and_Sorrows_of_Work,https://openlibrary.org/books/OL25447365M/The_Pleasures_and_Sorrows_of_Work,,
Hackers & Painters: Big Ideas from the Computer Age,Paul Graham,596006624,9780596006624.0,0.0,4.05,O'Reilly Media,Hardcover,272,2004.0,2004.0,,2013/08/22,to-read,to-read (#7),to-read,,,https://openlibrary.org/books/OL3327779M/Hackers_painters,,
The Gift: Creativity and the Artist in the Modern World,Lewis Hyde,307279502,9780307279507.0,0.0,3.97,Vintage,Hardcover,464,2007.0,1979.0,,2013/08/22,to-read,to-read (#1),to-read,,,https://openlibrary.org/books/OL10352655M/The_Gift,,
The Writing Life,Annie Dillard,60919884,9780060919887.0,0.0,4.02,Harper Perennial (HarperCollins),Paperback,113,1998.0,1989.0,,2013/06/08,to-read,to-read (#6),to-read,,,https://openlibrary.org/books/OL13634360M/The_writing_life,,
Deep in a Dream: The Long Night of Chet Baker,James Gavin,156649284X,9781566492843.0,0.0,3.91,Welcome Rain Publishers,Paperback,448,2004.0,2002.0,,2013/05/05,to-read,to-read (#2),to-read,,https://openlibrary.org/books/OL8669412M/Deep_in_a_Dream,https://openlibrary.org/books/OL8669412M/Deep_in_a_Dream,,
Uncommon Grounds: The History of Coffee and How It Transformed Our World,Mark Pendergrast,046501836X,9780465018369.0,0.0,3.69,Basic Books,Paperback,480,2010.0,1999.0,,2013/04/27,to-read,to-read (#5),to-read,,https://openlibrary.org/books/OL24791364M/Uncommon_grounds,https://openlibrary.org/books/OL24791364M/Uncommon_grounds,,
Universal Principles of Design: 100 Ways to Enhance Usability,William Lidwell,1592530079,9781592530076.0,0.0,4.14,Rockport Publishers,,216,2003.0,2003.0,,2012/12/26,,,,,,,,
Visual Explanations,Edward R. Tufte,961392126,9780961392123.0,0.0,4.29,Graphics Press,Hardcover,156,1998.0,1997.0,,2012/12/26,to-read,to-read (#4),to-read,,,https://openlibrary.org/books/OL18179819M/Visual_Explanations,,
The Great Animal Orchestra: Finding the Origins of Music in the World's Wild Places,Bernie Krause,316086878,9780316086875.0,0.0,3.93,Little, Brown and Company,Hardcover,288.0,2012.0,,,2016/12/17,to-read,to-read (#48),to-read,,https://openlibrary.org/books/OL24886001M/The_great_animal_orchestra,,